Year-month,Year,Month,State_name,pm25_avg_aqi,pm10_avg_aqi,ozone_avg_aqi,Unhealthy_days,Very_unhealthy_days
2023-01,2023,1,Alabama,37.24,,34.8,0,0
2023-01,2023,1,Alaska,42.04,3.67,35.28,12,0
2023-01,2023,1,Arizona,55.15,16.67,37.64,2,0
2023-01,2023,1,Arkansas,38.23,,30.26,0,0
2023-01,2023,1,California,52.45,65.67,34.27,5,0
2023-01,2023,1,Colorado,49.9,10.18,40.41,0,0
2023-01,2023,1,Connecticut,38.82,,28.84,0,0
2023-01,2023,1,Country Of Mexico,64.29,63.5,36.25,1,0
2023-01,2023,1,Delaware,46.96,,30.86,0,0
2023-01,2023,1,District Of Columbia,47.68,,27.0,0,0
2023-01,2023,1,Florida,46.85,12.13,35.96,3,0
2023-01,2023,1,Georgia,41.86,,32.88,0,0
2023-01,2023,1,Hawaii,39.85,,31.43,1,0
2023-01,2023,1,Idaho,40.71,548.19,36.47,1,0
2023-01,2023,1,Illinois,49.23,,25.36,0,0
2023-01,2023,1,Indiana,49.2,33.5,26.37,0,0
2023-01,2023,1,Iowa,51.39,15.6,32.0,0,0
2023-01,2023,1,Kansas,51.77,8.94,28.93,0,0
2023-01,2023,1,Kentucky,39.93,,30.49,0,0
2023-01,2023,1,Louisiana,43.65,34.0,31.85,1,0
2023-01,2023,1,Maine,25.86,11.67,32.99,0,0
2023-01,2023,1,Maryland,33.72,6.6,29.62,0,0
2023-01,2023,1,Massachusetts,44.48,,32.3,0,0
2023-01,2023,1,Michigan,48.36,16.6,27.43,0,0
2023-01,2023,1,Minnesota,43.74,,30.43,5,0
2023-01,2023,1,Mississippi,40.55,,30.32,0,0
2023-01,2023,1,Missouri,41.69,19.74,27.36,0,0
2023-01,2023,1,Montana,37.45,31.2,31.85,0,0
2023-01,2023,1,Nebraska,39.92,11.81,34.13,0,0
2023-01,2023,1,Nevada,50.38,9.85,36.1,1,0
2023-01,2023,1,New Hampshire,35.95,,34.17,0,0
2023-01,2023,1,New Jersey,40.13,,27.76,0,0
2023-01,2023,1,New Mexico,25.92,34.54,37.56,1,0
2023-01,2023,1,New York,45.65,,27.95,0,0
2023-01,2023,1,North Carolina,36.47,8.0,32.06,0,0
2023-01,2023,1,North Dakota,51.82,,30.75,3,0
2023-01,2023,1,Ohio,42.97,13.61,29.61,0,0
2023-01,2023,1,Oklahoma,44.28,52.75,31.59,1,0
2023-01,2023,1,Oregon,40.35,,28.2,3,0
2023-01,2023,1,Pennsylvania,47.76,,28.35,1,0
2023-01,2023,1,Puerto Rico,33.59,30.32,27.12,0,0
2023-01,2023,1,Rhode Island,30.34,,32.5,0,0
2023-01,2023,1,South Carolina,42.2,15.0,31.97,0,0
2023-01,2023,1,South Dakota,37.37,45.65,33.37,0,0
2023-01,2023,1,Tennessee,35.52,,30.98,0,0
2023-01,2023,1,Texas,41.76,69.67,32.77,3,0
2023-01,2023,1,Utah,47.99,,40.98,10,0
2023-01,2023,1,Vermont,37.54,,29.83,0,0
2023-01,2023,1,Virgin Islands,17.8,,,0,0
2023-01,2023,1,Virginia,37.31,5.6,29.49,0,0
2023-01,2023,1,Washington,35.51,54.5,33.02,1,0
2023-01,2023,1,West Virginia,40.33,10.8,28.1,0,0
2023-01,2023,1,Wisconsin,47.71,,32.26,2,0
2023-01,2023,1,Wyoming,39.23,16.68,37.74,0,1
2023-02,2023,2,Alabama,42.92,,37.0,0,0
2023-02,2023,2,Alaska,27.64,2.5,33.89,0,0
2023-02,2023,2,Arizona,44.2,35.19,41.93,2,0
2023-02,2023,2,Arkansas,42.74,,35.76,0,0
2023-02,2023,2,California,56.43,81.14,36.45,9,1
2023-02,2023,2,Colorado,45.91,14.27,46.29,6,0
2023-02,2023,2,Connecticut,46.63,,35.16,0,0
2023-02,2023,2,Country Of Mexico,56.47,70.8,39.62,0,0
2023-02,2023,2,Delaware,52.08,,38.0,0,0
2023-02,2023,2,District Of Columbia,50.0,,39.64,0,0
2023-02,2023,2,Florida,50.23,16.04,37.45,0,0
2023-02,2023,2,Georgia,45.13,,37.03,1,0
2023-02,2023,2,Hawaii,34.59,,33.18,0,0
2023-02,2023,2,Idaho,38.79,15.33,41.0,5,0
2023-02,2023,2,Illinois,43.24,,32.9,0,0
2023-02,2023,2,Indiana,46.39,13.0,33.34,0,0
2023-02,2023,2,Iowa,41.18,22.8,30.88,0,0
2023-02,2023,2,Kansas,46.24,14.87,35.04,1,0
2023-02,2023,2,Kentucky,42.65,,35.88,0,0
2023-02,2023,2,Louisiana,45.96,114.0,33.37,1,0
2023-02,2023,2,Maine,35.14,44.5,37.36,0,0
2023-02,2023,2,Maryland,36.97,7.75,36.51,0,0
2023-02,2023,2,Massachusetts,48.81,,36.37,0,0
2023-02,2023,2,Michigan,43.67,25.5,34.99,0,0
2023-02,2023,2,Minnesota,32.22,43.0,36.19,0,0
2023-02,2023,2,Mississippi,45.25,,33.91,1,0
2023-02,2023,2,Missouri,38.02,28.12,33.69,0,0
2023-02,2023,2,Montana,29.84,14.0,38.03,0,0
2023-02,2023,2,Nebraska,25.1,12.32,36.19,0,0
2023-02,2023,2,Nevada,47.88,24.39,39.72,2,0
2023-02,2023,2,New Hampshire,40.57,,39.13,0,0
2023-02,2023,2,New Jersey,47.42,,34.48,0,0
2023-02,2023,2,New Mexico,21.12,55.95,41.82,3,0
2023-02,2023,2,New York,46.52,,34.97,0,0
2023-02,2023,2,North Carolina,38.13,9.98,36.97,1,0
2023-02,2023,2,North Dakota,45.07,,35.21,0,0
2023-02,2023,2,Ohio,42.8,22.0,36.67,0,0
2023-02,2023,2,Oklahoma,44.14,69.29,35.48,0,0
2023-02,2023,2,Oregon,40.67,,31.0,2,0
2023-02,2023,2,Pennsylvania,50.88,,35.94,2,0
2023-02,2023,2,Puerto Rico,34.67,28.07,29.83,1,0
2023-02,2023,2,Rhode Island,36.1,,34.33,0,0
2023-02,2023,2,South Carolina,47.8,,35.09,0,0
2023-02,2023,2,South Dakota,26.7,51.12,40.7,0,0
2023-02,2023,2,Tennessee,40.23,,35.91,0,0
2023-02,2023,2,Texas,45.82,68.33,34.93,2,0
2023-02,2023,2,Utah,64.01,,62.83,23,3
2023-02,2023,2,Vermont,44.06,,37.51,0,0
2023-02,2023,2,Virgin Islands,20.44,,,0,0
2023-02,2023,2,Virginia,39.43,6.75,36.06,0,0
2023-02,2023,2,Washington,31.85,44.7,36.55,1,0
2023-02,2023,2,West Virginia,42.89,14.29,36.08,0,0
2023-02,2023,2,Wisconsin,41.45,,38.75,0,0
2023-02,2023,2,Wyoming,37.25,35.24,45.72,6,0
2023-03,2023,3,Alabama,57.45,,41.88,1,0
2023-03,2023,3,Alaska,26.93,27.13,39.9,0,0
2023-03,2023,3,Arizona,38.26,23.42,44.98,1,0
2023-03,2023,3,Arkansas,42.64,,39.2,0,0
2023-03,2023,3,California,48.01,48.36,39.17,2,0
2023-03,2023,3,Colorado,40.49,22.71,49.2,1,0
2023-03,2023,3,Connecticut,51.34,,41.56,0,0
2023-03,2023,3,Country Of Mexico,48.0,58.4,37.9,0,0
2023-03,2023,3,Delaware,51.14,,42.64,0,0
2023-03,2023,3,District Of Columbia,49.58,,45.74,0,0
2023-03,2023,3,Florida,54.57,19.65,43.27,1,0
2023-03,2023,3,Georgia,55.98,,41.93,4,0
2023-03,2023,3,Hawaii,29.51,,31.5,0,0
2023-03,2023,3,Idaho,28.34,8.38,43.5,0,0
2023-03,2023,3,Illinois,53.04,,39.42,0,0
2023-03,2023,3,Indiana,48.68,,39.09,0,0
2023-03,2023,3,Iowa,47.9,23.57,39.46,0,0
2023-03,2023,3,Kansas,52.22,16.2,39.28,1,0
2023-03,2023,3,Kentucky,51.82,,40.59,0,0
2023-03,2023,3,Louisiana,51.48,33.0,37.15,0,0
2023-03,2023,3,Maine,42.56,63.6,41.74,0,0
2023-03,2023,3,Maryland,43.68,,41.41,0,0
2023-03,2023,3,Massachusetts,48.84,,41.4,0,0
2023-03,2023,3,Michigan,50.73,18.17,40.29,0,0
2023-03,2023,3,Minnesota,35.66,39.5,44.15,0,0
2023-03,2023,3,Mississippi,55.77,,41.12,1,0
2023-03,2023,3,Missouri,47.09,56.6,39.17,1,0
2023-03,2023,3,Montana,34.72,41.5,45.19,0,0
2023-03,2023,3,Nebraska,33.57,14.48,39.56,0,0
2023-03,2023,3,Nevada,22.52,11.32,45.86,0,0
2023-03,2023,3,New Hampshire,50.54,,43.02,0,0
2023-03,2023,3,New Jersey,47.43,,38.72,0,0
2023-03,2023,3,New Mexico,23.51,25.62,44.68,1,0
2023-03,2023,3,New York,40.15,,40.0,0,0
2023-03,2023,3,North Carolina,47.86,,43.9,0,0
2023-03,2023,3,North Dakota,51.8,,44.33,0,0
2023-03,2023,3,Ohio,49.47,15.91,40.1,0,0
2023-03,2023,3,Oklahoma,51.92,54.0,39.53,1,0
2023-03,2023,3,Oregon,30.15,,33.34,0,0
2023-03,2023,3,Pennsylvania,50.74,,40.1,2,0
2023-03,2023,3,Puerto Rico,39.24,32.65,39.33,0,0
2023-03,2023,3,Rhode Island,41.21,,41.74,0,0
2023-03,2023,3,South Carolina,53.24,51.0,42.47,1,0
2023-03,2023,3,South Dakota,37.48,50.2,45.68,1,0
2023-03,2023,3,Tennessee,43.63,,43.56,0,0
2023-03,2023,3,Texas,51.23,60.0,40.29,5,0
2023-03,2023,3,Utah,27.24,59.0,49.47,7,0
2023-03,2023,3,Vermont,38.38,,42.14,0,0
2023-03,2023,3,Virgin Islands,18.14,,,0,0
2023-03,2023,3,Virginia,43.4,5.4,40.77,0,0
2023-03,2023,3,Washington,26.05,25.36,40.66,0,0
2023-03,2023,3,West Virginia,41.83,12.05,41.09,0,0
2023-03,2023,3,Wisconsin,38.58,,44.99,0,0
2023-03,2023,3,Wyoming,28.49,19.35,50.12,4,0
2023-04,2023,4,Alabama,47.78,,45.04,1,0
2023-04,2023,4,Alaska,15.79,36.54,36.04,0,0
2023-04,2023,4,Arizona,37.81,40.39,62.65,3,0
2023-04,2023,4,Arkansas,40.15,,43.46,0,0
2023-04,2023,4,California,45.43,133.0,50.35,18,0
2023-04,2023,4,Colorado,32.7,26.34,58.32,5,0
2023-04,2023,4,Connecticut,50.41,,51.59,2,0
2023-04,2023,4,Country Of Mexico,54.75,58.82,58.6,0,0
2023-04,2023,4,Delaware,51.52,,53.95,1,0
2023-04,2023,4,District Of Columbia,51.38,,59.23,1,0
2023-04,2023,4,Florida,48.04,19.29,43.56,0,0
2023-04,2023,4,Georgia,47.8,,45.66,2,0
2023-04,2023,4,Hawaii,24.55,,30.64,0,0
2023-04,2023,4,Idaho,26.04,34.67,44.95,0,0
2023-04,2023,4,Illinois,53.33,77.0,47.34,1,0
2023-04,2023,4,Indiana,49.4,60.0,47.12,1,0
2023-04,2023,4,Iowa,46.09,33.13,47.07,0,0
2023-04,2023,4,Kansas,54.63,26.67,47.45,0,0
2023-04,2023,4,Kentucky,51.9,,47.77,0,0
2023-04,2023,4,Louisiana,44.66,,40.72,0,0
2023-04,2023,4,Maine,44.22,56.8,43.2,0,0
2023-04,2023,4,Maryland,45.3,,53.1,2,0
2023-04,2023,4,Massachusetts,47.66,,49.55,2,0
2023-04,2023,4,Michigan,49.01,45.17,48.31,2,0
2023-04,2023,4,Minnesota,30.26,69.0,45.76,1,0
2023-04,2023,4,Mississippi,50.85,,42.7,0,0
2023-04,2023,4,Missouri,47.7,48.38,47.37,1,0
2023-04,2023,4,Montana,26.15,33.42,43.18,0,0
2023-04,2023,4,Nebraska,33.41,21.0,46.57,1,0
2023-04,2023,4,Nevada,15.45,27.84,54.63,4,0
2023-04,2023,4,New Hampshire,37.12,,48.72,2,0
2023-04,2023,4,New Jersey,49.0,,49.26,2,0
2023-04,2023,4,New Mexico,28.08,49.42,55.39,4,0
2023-04,2023,4,New York,39.12,,49.48,3,0
2023-04,2023,4,North Carolina,45.27,,50.47,3,0
2023-04,2023,4,North Dakota,45.31,,41.51,0,0
2023-04,2023,4,Ohio,51.32,18.86,49.99,2,0
2023-04,2023,4,Oklahoma,53.72,53.25,46.24,3,0
2023-04,2023,4,Oregon,23.78,,35.97,1,0
2023-04,2023,4,Pennsylvania,54.2,4.0,52.74,3,0
2023-04,2023,4,Puerto Rico,37.34,47.03,29.67,0,0
2023-04,2023,4,Rhode Island,45.58,,51.22,2,0
2023-04,2023,4,South Carolina,48.46,17.5,48.89,2,0
2023-04,2023,4,South Dakota,28.06,41.87,46.12,0,0
2023-04,2023,4,Tennessee,39.32,,49.29,1,0
2023-04,2023,4,Texas,47.76,68.5,43.69,5,0
2023-04,2023,4,Utah,27.97,66.86,50.43,1,0
2023-04,2023,4,Vermont,25.67,,48.4,1,0
2023-04,2023,4,Virgin Islands,28.0,,,0,0
2023-04,2023,4,Virginia,42.47,8.0,48.35,1,0
2023-04,2023,4,Washington,20.8,19.38,40.3,0,0
2023-04,2023,4,West Virginia,41.83,17.96,49.9,2,0
2023-04,2023,4,Wisconsin,42.4,,48.9,3,1
2023-04,2023,4,Wyoming,26.42,24.2,53.68,6,0
2023-05,2023,5,Alabama,52.8,,44.73,0,0
2023-05,2023,5,Alaska,17.72,23.0,39.17,0,0
2023-05,2023,5,Arizona,35.73,37.4,67.3,13,0
2023-05,2023,5,Arkansas,51.19,,51.2,4,0
2023-05,2023,5,California,43.76,179.91,48.56,20,2
2023-05,2023,5,Colorado,63.51,16.04,62.92,8,0
2023-05,2023,5,Connecticut,52.35,69.0,46.69,1,0
2023-05,2023,5,Country Of Mexico,48.0,54.0,55.64,0,0
2023-05,2023,5,Delaware,59.48,,45.72,0,0
2023-05,2023,5,District Of Columbia,54.6,,56.62,1,0
2023-05,2023,5,Florida,50.84,19.94,50.44,3,0
2023-05,2023,5,Georgia,50.05,,41.91,0,0
2023-05,2023,5,Hawaii,27.63,,31.93,0,0
2023-05,2023,5,Idaho,31.7,30.9,47.09,1,0
2023-05,2023,5,Illinois,54.95,,67.85,8,0
2023-05,2023,5,Indiana,48.35,28.0,54.97,6,0
2023-05,2023,5,Iowa,53.59,33.83,68.88,9,0
2023-05,2023,5,Kansas,57.12,21.35,62.06,5,0
2023-05,2023,5,Kentucky,52.78,,45.55,2,0
2023-05,2023,5,Louisiana,55.3,16.0,55.38,8,0
2023-05,2023,5,Maine,47.24,63.0,40.93,0,0
2023-05,2023,5,Maryland,49.55,,47.13,1,0
2023-05,2023,5,Massachusetts,49.99,,44.14,1,0
2023-05,2023,5,Michigan,49.31,32.7,54.06,6,0
2023-05,2023,5,Minnesota,43.88,,62.17,8,0
2023-05,2023,5,Mississippi,57.94,,51.59,3,0
2023-05,2023,5,Missouri,52.84,48.88,61.14,7,0
2023-05,2023,5,Montana,45.96,28.25,44.42,7,1
2023-05,2023,5,Nebraska,41.28,19.84,69.37,9,1
2023-05,2023,5,Nevada,25.1,23.42,58.93,5,0
2023-05,2023,5,New Hampshire,50.78,,43.67,0,0
2023-05,2023,5,New Jersey,53.33,,43.82,1,0
2023-05,2023,5,New Mexico,29.64,37.5,61.89,6,1
2023-05,2023,5,New York,39.58,,44.66,2,0
2023-05,2023,5,North Carolina,47.87,,43.98,0,0
2023-05,2023,5,North Dakota,79.57,,56.5,5,1
2023-05,2023,5,Ohio,53.1,43.6,51.55,4,0
2023-05,2023,5,Oklahoma,57.34,,52.34,2,0
2023-05,2023,5,Oregon,30.77,,39.73,2,1
2023-05,2023,5,Pennsylvania,55.89,,48.28,2,0
2023-05,2023,5,Puerto Rico,41.04,41.67,,0,0
2023-05,2023,5,Rhode Island,48.79,,45.5,1,0
2023-05,2023,5,South Carolina,50.41,29.67,43.86,0,0
2023-05,2023,5,South Dakota,54.1,34.64,63.14,10,1
2023-05,2023,5,Tennessee,47.49,,46.01,1,0
2023-05,2023,5,Texas,53.51,70.0,57.09,19,1
2023-05,2023,5,Utah,42.02,,56.11,1,0
2023-05,2023,5,Vermont,37.22,,42.3,0,0
2023-05,2023,5,Virgin Islands,29.3,,,0,0
2023-05,2023,5,Virginia,49.12,10.11,41.44,0,0
2023-05,2023,5,Washington,30.22,29.26,39.63,1,0
2023-05,2023,5,West Virginia,48.15,17.43,44.63,1,0
2023-05,2023,5,Wisconsin,46.67,,61.12,8,0
2023-05,2023,5,Wyoming,58.66,21.82,51.9,5,0
2023-06,2023,6,Alabama,55.97,,58.27,7,0
2023-06,2023,6,Alaska,15.69,17.11,29.24,0,0
2023-06,2023,6,Arizona,45.42,40.08,73.02,20,0
2023-06,2023,6,Arkansas,57.62,,54.57,8,0
2023-06,2023,6,California,42.53,103.41,53.35,17,1
2023-06,2023,6,Colorado,29.12,15.95,60.86,6,0
2023-06,2023,6,Connecticut,86.2,,45.72,7,1
2023-06,2023,6,Country Of Mexico,71.0,54.75,70.56,2,0
2023-06,2023,6,Delaware,96.25,,58.3,8,2
2023-06,2023,6,District Of Columbia,83.79,,68.91,7,0
2023-06,2023,6,Florida,49.96,17.59,41.3,2,0
2023-06,2023,6,Georgia,57.24,,56.76,9,0
2023-06,2023,6,Hawaii,24.35,,24.68,0,0
2023-06,2023,6,Idaho,26.8,,44.63,0,0
2023-06,2023,6,Illinois,91.8,,90.71,23,2
2023-06,2023,6,Indiana,82.88,,72.83,22,2
2023-06,2023,6,Iowa,79.41,35.55,89.58,19,1
2023-06,2023,6,Kansas,54.84,19.03,76.84,12,0
2023-06,2023,6,Kentucky,74.29,,65.13,17,0
2023-06,2023,6,Louisiana,52.23,,48.05,4,0
2023-06,2023,6,Maine,50.34,56.0,33.22,1,0
2023-06,2023,6,Maryland,89.82,,58.79,11,1
2023-06,2023,6,Massachusetts,64.66,,41.12,6,0
2023-06,2023,6,Michigan,88.69,41.8,63.76,20,2
2023-06,2023,6,Minnesota,73.31,,78.91,16,0
2023-06,2023,6,Mississippi,55.23,,57.87,4,0
2023-06,2023,6,Missouri,62.54,42.55,79.89,20,0
2023-06,2023,6,Montana,32.76,17.25,45.3,2,0
2023-06,2023,6,Nebraska,40.33,23.77,85.11,15,0
2023-06,2023,6,Nevada,28.36,22.37,59.43,5,0
2023-06,2023,6,New Hampshire,51.86,,40.68,2,0
2023-06,2023,6,New Jersey,82.05,,55.35,8,2
2023-06,2023,6,New Mexico,33.02,37.16,62.77,4,0
2023-06,2023,6,New York,77.26,,43.22,12,1
2023-06,2023,6,North Carolina,64.65,51.0,55.46,12,0
2023-06,2023,6,North Dakota,66.67,,70.37,10,0
2023-06,2023,6,Ohio,89.85,31.2,61.82,17,2
2023-06,2023,6,Oklahoma,54.73,,65.37,12,0
2023-06,2023,6,Oregon,27.19,,38.96,0,0
2023-06,2023,6,Pennsylvania,92.49,,54.49,17,4
2023-06,2023,6,Puerto Rico,42.9,49.54,,0,0
2023-06,2023,6,Rhode Island,69.84,,41.64,4,0
2023-06,2023,6,South Carolina,62.24,,52.61,5,0
2023-06,2023,6,South Dakota,50.07,67.09,73.86,15,0
2023-06,2023,6,Tennessee,59.13,,62.45,12,0
2023-06,2023,6,Texas,54.66,49.0,53.99,11,0
2023-06,2023,6,Utah,31.66,67.0,60.57,1,0
2023-06,2023,6,Vermont,59.36,,36.92,6,0
2023-06,2023,6,Virgin Islands,33.4,,,0,0
2023-06,2023,6,Virginia,74.26,20.78,49.6,8,1
2023-06,2023,6,Washington,29.13,39.62,38.0,1,0
2023-06,2023,6,West Virginia,76.49,38.29,51.16,7,1
2023-06,2023,6,Wisconsin,89.77,,77.69,23,3
2023-06,2023,6,Wyoming,28.87,15.95,48.95,0,0
2023-07,2023,7,Alabama,55.51,,40.07,5,2
2023-07,2023,7,Alaska,23.77,9.87,24.28,0,0
2023-07,2023,7,Arizona,43.36,50.44,68.2,20,0
2023-07,2023,7,Arkansas,56.22,,40.8,0,0
2023-07,2023,7,California,49.88,105.5,74.84,31,7
2023-07,2023,7,Colorado,37.02,21.04,60.12,9,0
2023-07,2023,7,Connecticut,57.81,,60.01,9,0
2023-07,2023,7,Country Of Mexico,42.56,44.5,60.38,2,0
2023-07,2023,7,Delaware,57.31,,52.44,0,0
2023-07,2023,7,District Of Columbia,62.87,,70.38,3,0
2023-07,2023,7,Florida,51.86,16.44,31.94,2,0
2023-07,2023,7,Georgia,57.34,,43.7,6,0
2023-07,2023,7,Hawaii,24.09,41.0,25.58,0,0
2023-07,2023,7,Idaho,36.32,34.27,47.92,1,0
2023-07,2023,7,Illinois,63.56,,51.46,9,0
2023-07,2023,7,Indiana,61.27,52.0,48.41,6,0
2023-07,2023,7,Iowa,59.27,57.0,45.77,2,0
2023-07,2023,7,Kansas,54.7,25.75,49.39,3,0
2023-07,2023,7,Kentucky,56.26,17.0,44.44,3,0
2023-07,2023,7,Louisiana,55.1,22.46,42.49,2,0
2023-07,2023,7,Maine,51.67,57.0,37.6,0,0
2023-07,2023,7,Maryland,57.05,,53.37,7,0
2023-07,2023,7,Massachusetts,56.64,,47.42,6,0
2023-07,2023,7,Michigan,58.18,36.0,50.61,8,0
2023-07,2023,7,Minnesota,54.97,46.75,41.36,7,0
2023-07,2023,7,Mississippi,53.58,,40.87,0,0
2023-07,2023,7,Missouri,53.66,57.5,48.8,2,0
2023-07,2023,7,Montana,49.14,30.0,43.38,5,0
2023-07,2023,7,Nebraska,37.19,18.06,46.73,1,0
2023-07,2023,7,Nevada,32.6,30.31,57.25,11,0
2023-07,2023,7,New Hampshire,58.26,,44.26,4,0
2023-07,2023,7,New Jersey,58.48,,57.79,7,0
2023-07,2023,7,New Mexico,34.6,33.97,62.1,5,0
2023-07,2023,7,New York,57.91,,47.91,11,0
2023-07,2023,7,North Carolina,54.56,,42.76,5,0
2023-07,2023,7,North Dakota,68.47,,41.86,3,0
2023-07,2023,7,Ohio,60.94,30.67,51.46,5,0
2023-07,2023,7,Oklahoma,54.82,83.0,52.44,4,0
2023-07,2023,7,Oregon,39.8,,39.08,7,0
2023-07,2023,7,Pennsylvania,61.4,,50.88,7,0
2023-07,2023,7,Puerto Rico,52.65,40.88,18.0,1,0
2023-07,2023,7,Rhode Island,57.44,,47.87,2,0
2023-07,2023,7,South Carolina,54.91,,41.63,2,0
2023-07,2023,7,South Dakota,55.28,44.56,44.71,6,0
2023-07,2023,7,Tennessee,52.8,39.0,43.47,4,0
2023-07,2023,7,Texas,56.14,44.0,47.97,9,0
2023-07,2023,7,Utah,45.93,,59.16,7,0
2023-07,2023,7,Vermont,56.68,,38.14,3,0
2023-07,2023,7,Virgin Islands,52.9,,,0,0
2023-07,2023,7,Virginia,53.33,15.6,42.6,2,0
2023-07,2023,7,Washington,32.02,34.26,37.12,2,0
2023-07,2023,7,West Virginia,54.97,20.22,44.69,1,0
2023-07,2023,7,Wisconsin,58.0,,47.87,9,1
2023-07,2023,7,Wyoming,43.36,28.5,46.56,2,0
2023-08,2023,8,Alabama,51.6,,41.64,3,0
2023-08,2023,8,Alaska,34.36,7.32,25.5,6,1
2023-08,2023,8,Arizona,31.78,43.46,56.49,14,1
2023-08,2023,8,Arkansas,54.41,,45.83,1,0
2023-08,2023,8,California,56.84,50.88,66.2,26,6
2023-08,2023,8,Colorado,31.6,19.44,59.86,9,0
2023-08,2023,8,Connecticut,51.1,,40.49,1,0
2023-08,2023,8,Country Of Mexico,38.11,51.33,,0,0
2023-08,2023,8,Delaware,54.61,,46.13,0,0
2023-08,2023,8,District Of Columbia,51.89,,58.83,0,0
2023-08,2023,8,Florida,49.9,21.23,33.42,0,0
2023-08,2023,8,Georgia,50.66,,41.77,4,0
2023-08,2023,8,Hawaii,26.84,29.0,20.2,0,0
2023-08,2023,8,Idaho,45.47,29.0,45.62,4,1
2023-08,2023,8,Illinois,57.86,56.0,43.0,4,0
2023-08,2023,8,Indiana,53.6,69.67,43.25,5,0
2023-08,2023,8,Iowa,55.24,55.5,40.85,0,0
2023-08,2023,8,Kansas,55.75,31.31,50.17,3,0
2023-08,2023,8,Kentucky,52.4,,43.04,4,0
2023-08,2023,8,Louisiana,56.12,,52.42,10,0
2023-08,2023,8,Maine,42.69,,30.89,0,0
2023-08,2023,8,Maryland,46.87,,45.02,0,0
2023-08,2023,8,Massachusetts,47.1,,36.27,0,0
2023-08,2023,8,Michigan,53.96,22.4,39.82,3,0
2023-08,2023,8,Minnesota,57.0,51.4,35.86,3,0
2023-08,2023,8,Mississippi,57.64,,48.21,1,0
2023-08,2023,8,Missouri,51.2,48.0,41.98,0,0
2023-08,2023,8,Montana,50.94,,42.54,10,0
2023-08,2023,8,Nebraska,38.69,21.84,43.93,0,0
2023-08,2023,8,Nevada,35.08,19.55,51.93,2,0
2023-08,2023,8,New Hampshire,44.33,,34.26,0,0
2023-08,2023,8,New Jersey,50.74,,42.52,1,0
2023-08,2023,8,New Mexico,26.81,23.94,61.98,13,0
2023-08,2023,8,New York,43.22,,33.95,0,0
2023-08,2023,8,North Carolina,49.06,,41.92,0,0
2023-08,2023,8,North Dakota,70.36,,41.14,6,0
2023-08,2023,8,Ohio,55.1,13.8,43.42,4,0
2023-08,2023,8,Oklahoma,55.71,57.0,64.68,13,0
2023-08,2023,8,Oregon,73.89,,45.43,18,14
2023-08,2023,8,Pennsylvania,50.86,,39.29,0,0
2023-08,2023,8,Puerto Rico,39.41,27.46,11.8,0,0
2023-08,2023,8,Rhode Island,48.0,,38.42,0,0
2023-08,2023,8,South Carolina,50.74,,42.29,1,0
2023-08,2023,8,South Dakota,51.01,37.84,43.43,1,0
2023-08,2023,8,Tennessee,45.6,,42.11,2,0
2023-08,2023,8,Texas,50.68,75.75,69.02,21,0
2023-08,2023,8,Utah,41.11,,54.64,7,0
2023-08,2023,8,Vermont,39.0,,33.0,0,0
2023-08,2023,8,Virgin Islands,32.91,,,0,0
2023-08,2023,8,Virginia,47.58,9.22,40.22,0,0
2023-08,2023,8,Washington,58.27,46.0,43.71,12,3
2023-08,2023,8,West Virginia,47.25,19.0,38.36,0,0
2023-08,2023,8,Wisconsin,54.81,,41.02,3,0
2023-08,2023,8,Wyoming,42.38,26.48,45.75,0,0
2023-09,2023,9,Alabama,50.46,,42.28,1,0
2023-09,2023,9,Alaska,17.38,7.0,21.66,0,0
2023-09,2023,9,Arizona,38.0,41.53,45.76,3,0
2023-09,2023,9,Arkansas,58.7,,44.61,1,0
2023-09,2023,9,California,57.94,75.22,52.31,29,4
2023-09,2023,9,Colorado,44.32,21.14,50.04,3,1
2023-09,2023,9,Connecticut,49.91,,39.9,2,0
2023-09,2023,9,Country Of Mexico,47.15,63.71,,1,0
2023-09,2023,9,Delaware,47.98,,44.54,0,0
2023-09,2023,9,District Of Columbia,47.6,48.0,44.74,0,0
2023-09,2023,9,Florida,45.53,21.93,37.27,0,0
2023-09,2023,9,Georgia,49.93,,41.16,1,0
2023-09,2023,9,Hawaii,25.41,,23.89,0,0
2023-09,2023,9,Idaho,29.55,28.55,40.72,0,0
2023-09,2023,9,Illinois,52.18,,45.19,0,0
2023-09,2023,9,Indiana,44.27,37.0,40.41,0,0
2023-09,2023,9,Iowa,55.31,44.0,45.99,2,0
2023-09,2023,9,Kansas,66.56,38.86,55.68,6,0
2023-09,2023,9,Kentucky,48.01,,42.22,0,0
2023-09,2023,9,Louisiana,51.46,,51.06,6,0
2023-09,2023,9,Maine,48.06,25.5,27.82,3,0
2023-09,2023,9,Maryland,38.09,,40.42,1,0
2023-09,2023,9,Massachusetts,50.22,,34.27,1,0
2023-09,2023,9,Michigan,45.96,19.0,36.55,0,0
2023-09,2023,9,Minnesota,52.64,63.0,39.48,3,0
2023-09,2023,9,Mississippi,55.87,,45.06,0,0
2023-09,2023,9,Missouri,57.72,49.75,48.31,4,0
2023-09,2023,9,Montana,41.34,28.3,36.31,4,1
2023-09,2023,9,Nebraska,49.89,26.7,48.53,2,0
2023-09,2023,9,Nevada,36.22,23.61,46.23,0,0
2023-09,2023,9,New Hampshire,48.51,,33.02,1,0
2023-09,2023,9,New Jersey,46.47,,39.86,2,0
2023-09,2023,9,New Mexico,20.7,18.68,48.65,4,0
2023-09,2023,9,New York,42.33,,33.6,1,0
2023-09,2023,9,North Carolina,42.82,,37.85,0,0
2023-09,2023,9,North Dakota,79.57,,35.23,9,0
2023-09,2023,9,Ohio,44.73,27.56,37.88,0,0
2023-09,2023,9,Oklahoma,56.43,,62.12,9,0
2023-09,2023,9,Oregon,39.45,,35.93,8,1
2023-09,2023,9,Pennsylvania,42.68,,35.98,1,0
2023-09,2023,9,Puerto Rico,30.31,30.07,16.0,0,0
2023-09,2023,9,Rhode Island,50.57,,38.87,1,0
2023-09,2023,9,South Carolina,46.51,,38.2,0,0
2023-09,2023,9,South Dakota,59.47,40.85,41.55,7,0
2023-09,2023,9,Tennessee,46.15,,43.37,0,0
2023-09,2023,9,Texas,43.34,82.0,63.91,19,0
2023-09,2023,9,Utah,30.24,63.67,45.54,0,0
2023-09,2023,9,Vermont,41.62,,27.54,0,0
2023-09,2023,9,Virgin Islands,32.0,,,0,0
2023-09,2023,9,Virginia,40.9,8.73,35.89,0,0
2023-09,2023,9,Washington,33.72,37.0,35.01,0,0
2023-09,2023,9,West Virginia,40.51,13.5,34.3,0,0
2023-09,2023,9,Wisconsin,44.43,,40.4,0,0
2023-09,2023,9,Wyoming,41.81,30.29,42.82,2,0
2023-10,2023,10,Alabama,45.68,,36.83,0,0
2023-10,2023,10,Alaska,29.21,31.23,28.97,1,0
2023-10,2023,10,Arizona,47.17,49.87,45.91,12,0
2023-10,2023,10,Arkansas,47.94,,34.35,0,0
2023-10,2023,10,California,50.0,60.74,50.59,21,0
2023-10,2023,10,Colorado,39.75,18.76,41.59,0,0
2023-10,2023,10,Connecticut,39.94,,29.65,1,0
2023-10,2023,10,Country Of Mexico,42.12,64.76,37.0,1,0
2023-10,2023,10,Delaware,47.07,,30.51,0,0
2023-10,2023,10,District Of Columbia,48.85,,30.09,0,0
2023-10,2023,10,Florida,49.49,26.23,38.19,1,0
2023-10,2023,10,Georgia,45.51,,34.81,1,0
2023-10,2023,10,Hawaii,17.14,,23.42,0,0
2023-10,2023,10,Idaho,32.96,15.31,33.19,1,0
2023-10,2023,10,Illinois,47.02,61.0,34.99,0,0
2023-10,2023,10,Indiana,40.5,42.0,32.71,1,0
2023-10,2023,10,Iowa,41.95,55.25,31.5,0,0
2023-10,2023,10,Kansas,39.97,35.35,33.03,0,0
2023-10,2023,10,Kentucky,41.16,,32.95,0,0
2023-10,2023,10,Louisiana,51.39,32.5,42.36,2,0
2023-10,2023,10,Maine,33.68,,28.51,1,0
2023-10,2023,10,Maryland,41.02,,32.68,0,0
2023-10,2023,10,Massachusetts,44.61,,29.31,1,0
2023-10,2023,10,Michigan,41.28,30.8,30.17,0,0
2023-10,2023,10,Minnesota,31.49,42.29,26.18,0,0
2023-10,2023,10,Mississippi,54.96,,41.34,4,0
2023-10,2023,10,Missouri,40.73,54.27,34.69,0,0
2023-10,2023,10,Montana,28.96,50.25,30.23,1,0
2023-10,2023,10,Nebraska,28.55,22.03,29.64,0,0
2023-10,2023,10,Nevada,46.38,27.14,36.92,0,0
2023-10,2023,10,New Hampshire,33.13,,30.0,0,0
2023-10,2023,10,New Jersey,43.88,,29.13,0,0
2023-10,2023,10,New Mexico,24.53,34.39,43.5,0,0
2023-10,2023,10,New York,38.02,,27.89,0,0
2023-10,2023,10,North Carolina,41.77,,35.26,0,0
2023-10,2023,10,North Dakota,35.69,,27.56,0,0
2023-10,2023,10,Ohio,40.61,34.67,32.56,0,0
2023-10,2023,10,Oklahoma,42.26,37.5,38.47,1,0
2023-10,2023,10,Oregon,40.39,,27.5,0,0
2023-10,2023,10,Pennsylvania,38.98,,30.66,0,0
2023-10,2023,10,Puerto Rico,38.03,29.74,10.43,11,0
2023-10,2023,10,Rhode Island,40.92,,,0,0
2023-10,2023,10,South Carolina,46.44,,33.91,0,0
2023-10,2023,10,South Dakota,22.78,38.07,29.26,0,0
2023-10,2023,10,Tennessee,37.36,,36.74,0,0
2023-10,2023,10,Texas,36.43,69.05,39.71,3,0
2023-10,2023,10,Utah,37.84,50.5,38.61,0,0
2023-10,2023,10,Vermont,32.08,,27.87,0,0
2023-10,2023,10,Virgin Islands,20.89,,,0,0
2023-10,2023,10,Virginia,38.94,7.0,32.69,0,0
2023-10,2023,10,Washington,35.99,25.17,30.94,1,0
2023-10,2023,10,West Virginia,36.18,13.23,30.31,0,0
2023-10,2023,10,Wisconsin,32.04,,33.92,2,0
2023-10,2023,10,Wyoming,18.51,20.23,35.49,0,0
2023-11,2023,11,Alabama,39.15,19.0,39.68,1,0
2023-11,2023,11,Alaska,31.59,19.83,31.06,4,0
2023-11,2023,11,Arizona,50.9,40.46,39.09,3,1
2023-11,2023,11,Arkansas,47.09,,33.72,0,0
2023-11,2023,11,California,57.55,56.64,39.08,12,0
2023-11,2023,11,Colorado,42.52,20.6,40.67,0,0
2023-11,2023,11,Connecticut,40.13,,30.39,0,0
2023-11,2023,11,Country Of Mexico,49.44,72.56,34.0,1,0
2023-11,2023,11,Delaware,47.15,,31.0,1,0
2023-11,2023,11,District Of Columbia,48.9,,29.14,0,0
2023-11,2023,11,Florida,44.76,19.0,36.49,1,0
2023-11,2023,11,Georgia,50.1,,36.67,1,0
2023-11,2023,11,Hawaii,21.87,,30.83,0,0
2023-11,2023,11,Idaho,47.14,11.82,32.65,5,0
2023-11,2023,11,Illinois,44.82,66.5,29.54,0,0
2023-11,2023,11,Indiana,47.34,62.0,30.74,3,0
2023-11,2023,11,Iowa,44.64,48.5,27.0,1,0
2023-11,2023,11,Kansas,42.06,26.47,31.08,0,0
2023-11,2023,11,Kentucky,45.67,,35.87,0,0
2023-11,2023,11,Louisiana,48.79,52.0,32.75,0,0
2023-11,2023,11,Maine,34.47,8.0,30.63,0,0
2023-11,2023,11,Maryland,38.62,6.2,32.33,0,0
2023-11,2023,11,Massachusetts,42.89,,31.2,0,0
2023-11,2023,11,Michigan,40.57,19.8,29.33,2,0
2023-11,2023,11,Minnesota,30.48,77.62,28.45,0,1
2023-11,2023,11,Mississippi,51.64,,34.31,0,0
2023-11,2023,11,Missouri,38.88,35.98,32.0,1,0
2023-11,2023,11,Montana,37.13,50.57,31.71,1,0
2023-11,2023,11,Nebraska,34.55,31.52,30.31,0,0
2023-11,2023,11,Nevada,48.76,23.92,34.54,1,0
2023-11,2023,11,New Hampshire,34.01,,33.13,0,0
2023-11,2023,11,New Jersey,43.54,,28.7,0,0
2023-11,2023,11,New Mexico,29.82,21.34,35.23,0,0
2023-11,2023,11,New York,37.85,,30.04,0,0
2023-11,2023,11,North Carolina,42.03,13.55,33.23,0,0
2023-11,2023,11,North Dakota,42.84,,28.99,0,0
2023-11,2023,11,Ohio,45.38,34.38,35.97,3,0
2023-11,2023,11,Oklahoma,45.4,48.5,35.9,0,0
2023-11,2023,11,Oregon,51.96,24.0,29.25,5,0
2023-11,2023,11,Pennsylvania,46.49,,30.03,2,0
2023-11,2023,11,Puerto Rico,38.61,24.5,18.47,0,0
2023-11,2023,11,Rhode Island,44.88,,,0,0
2023-11,2023,11,South Carolina,48.84,,36.21,0,0
2023-11,2023,11,South Dakota,27.55,39.43,34.77,1,0
2023-11,2023,11,Tennessee,38.84,,38.32,0,0
2023-11,2023,11,Texas,41.36,64.27,32.37,0,0
2023-11,2023,11,Utah,45.96,39.0,34.77,1,0
2023-11,2023,11,Vermont,37.91,,30.81,0,0
2023-11,2023,11,Virgin Islands,29.5,,,0,0
2023-11,2023,11,Virginia,43.54,12.0,32.97,3,1
2023-11,2023,11,Washington,45.73,,34.88,0,0
2023-11,2023,11,West Virginia,46.83,16.23,31.25,0,0
2023-11,2023,11,Wisconsin,35.32,24.0,29.64,0,0
2023-11,2023,11,Wyoming,24.35,31.46,37.24,1,0
2023-12,2023,12,Alabama,33.2,10.71,32.1,0,0
2023-12,2023,12,Alaska,37.31,20.0,34.82,9,0
2023-12,2023,12,Arizona,65.7,28.71,36.2,4,0
2023-12,2023,12,Arkansas,41.6,,29.11,0,0
2023-12,2023,12,California,60.5,45.13,31.42,20,1
2023-12,2023,12,Colorado,42.14,18.65,39.25,0,0
2023-12,2023,12,Connecticut,45.45,,30.4,0,0
2023-12,2023,12,Country Of Mexico,69.11,80.75,,3,0
2023-12,2023,12,Delaware,45.49,,28.7,0,0
2023-12,2023,12,District Of Columbia,50.0,,26.83,0,0
2023-12,2023,12,Florida,42.02,14.65,33.64,1,0
2023-12,2023,12,Georgia,40.5,,31.91,3,0
2023-12,2023,12,Hawaii,20.12,,32.27,0,0
2023-12,2023,12,Idaho,41.22,8.0,32.53,1,0
2023-12,2023,12,Illinois,39.51,,22.72,0,0
2023-12,2023,12,Indiana,43.74,55.0,24.1,2,0
2023-12,2023,12,Iowa,41.5,46.33,25.5,0,0
2023-12,2023,12,Kansas,37.68,12.61,27.91,0,0
2023-12,2023,12,Kentucky,35.56,,29.19,0,0
2023-12,2023,12,Louisiana,47.35,,31.4,0,0
2023-12,2023,12,Maine,36.36,89.0,30.55,0,0
2023-12,2023,12,Maryland,36.04,9.6,29.7,0,0
2023-12,2023,12,Massachusetts,43.27,,30.21,0,0
2023-12,2023,12,Michigan,41.57,17.6,24.9,0,0
2023-12,2023,12,Minnesota,37.04,39.0,28.08,0,0
2023-12,2023,12,Mississippi,45.16,,31.29,0,0
2023-12,2023,12,Missouri,31.77,20.58,26.23,0,0
2023-12,2023,12,Montana,34.32,39.07,28.99,2,0
2023-12,2023,12,Nebraska,33.6,9.5,27.16,0,0
2023-12,2023,12,Nevada,57.34,17.98,31.35,1,0
2023-12,2023,12,New Hampshire,35.27,,33.21,0,0
2023-12,2023,12,New Jersey,46.08,,27.13,0,0
2023-12,2023,12,New Mexico,30.06,17.51,33.63,0,0
2023-12,2023,12,New York,45.39,,26.45,0,0
2023-12,2023,12,North Carolina,37.29,10.24,29.84,0,0
2023-12,2023,12,North Dakota,33.01,,26.21,0,0
2023-12,2023,12,Ohio,41.96,16.6,27.4,0,0
2023-12,2023,12,Oklahoma,35.0,,30.23,0,0
2023-12,2023,12,Oregon,44.46,7.0,26.1,2,0
2023-12,2023,12,Pennsylvania,49.06,,26.79,4,0
2023-12,2023,12,Puerto Rico,32.55,25.63,22.6,0,0
2023-12,2023,12,Rhode Island,32.19,,29.71,0,0
2023-12,2023,12,South Carolina,40.34,,31.33,0,0
2023-12,2023,12,South Dakota,25.68,38.0,31.92,0,0
2023-12,2023,12,Tennessee,34.43,,32.66,0,0
2023-12,2023,12,Texas,41.12,65.89,32.18,4,0
2023-12,2023,12,Utah,51.17,,32.77,0,0
2023-12,2023,12,Vermont,42.75,,30.95,0,0
2023-12,2023,12,Virgin Islands,13.2,,,0,0
2023-12,2023,12,Virginia,39.16,6.6,27.98,0,0
2023-12,2023,12,Washington,35.32,3.0,34.15,1,0
2023-12,2023,12,West Virginia,41.0,11.26,26.92,0,0
2023-12,2023,12,Wisconsin,39.8,,25.87,0,0
2023-12,2023,12,Wyoming,35.69,27.66,34.76,1,0
2024-01,2024,1,Alabama,29.83,13.5,30.08,0,0
2024-01,2024,1,Alaska,44.01,17.0,35.82,6,1
2024-01,2024,1,Arizona,59.62,19.02,36.98,3,1
2024-01,2024,1,Arkansas,38.58,,28.81,1,0
2024-01,2024,1,California,51.74,35.58,31.91,7,0
2024-01,2024,1,Colorado,41.9,14.82,38.95,0,0
2024-01,2024,1,Connecticut,37.02,,30.89,0,0
2024-01,2024,1,Country Of Mexico,63.95,80.5,26.67,2,0
2024-01,2024,1,Delaware,49.19,,31.69,0,0
2024-01,2024,1,District Of Columbia,47.76,,29.27,0,0
2024-01,2024,1,Florida,44.91,18.33,34.38,1,0
2024-01,2024,1,Georgia,37.5,,31.89,1,0
2024-01,2024,1,Hawaii,27.63,,34.5,1,0
2024-01,2024,1,Idaho,40.72,23.0,34.47,5,0
2024-01,2024,1,Illinois,38.57,,24.98,0,0
2024-01,2024,1,Indiana,42.46,,24.11,0,0
2024-01,2024,1,Iowa,43.61,51.0,29.5,0,0
2024-01,2024,1,Kansas,38.54,21.07,28.0,0,0
2024-01,2024,1,Kentucky,31.93,26.0,27.0,0,0
2024-01,2024,1,Louisiana,44.41,,31.49,1,0
2024-01,2024,1,Maine,32.11,50.5,32.69,0,0
2024-01,2024,1,Maryland,35.5,9.17,30.39,0,0
2024-01,2024,1,Massachusetts,39.54,53.75,31.73,0,0
2024-01,2024,1,Michigan,41.87,13.5,28.61,0,0
2024-01,2024,1,Minnesota,36.8,39.43,30.24,1,0
2024-01,2024,1,Mississippi,35.92,,29.95,0,0
2024-01,2024,1,Missouri,33.12,19.0,26.17,0,0
2024-01,2024,1,Montana,36.71,13.67,31.85,1,0
2024-01,2024,1,Nebraska,39.73,9.61,31.28,0,0
2024-01,2024,1,Nevada,50.14,14.23,34.95,2,0
2024-01,2024,1,New Hampshire,32.01,,33.16,0,0
2024-01,2024,1,New Jersey,39.61,,27.75,0,0
2024-01,2024,1,New Mexico,27.63,35.16,35.6,2,1
2024-01,2024,1,New York,45.5,,28.39,0,0
2024-01,2024,1,North Carolina,32.22,7.44,30.91,1,0
2024-01,2024,1,North Dakota,39.92,29.0,28.95,1,0
2024-01,2024,1,Ohio,38.05,24.36,25.47,0,0
2024-01,2024,1,Oklahoma,36.62,,28.53,0,0
2024-01,2024,1,Oregon,37.49,,28.22,0,0
2024-01,2024,1,Pennsylvania,44.72,,27.92,3,0
2024-01,2024,1,Puerto Rico,41.4,19.4,22.8,4,0
2024-01,2024,1,Rhode Island,27.19,,30.73,0,0
2024-01,2024,1,South Carolina,38.82,,32.72,0,0
2024-01,2024,1,South Dakota,32.29,32.5,32.33,0,0
2024-01,2024,1,Tennessee,31.81,,31.77,0,0
2024-01,2024,1,Texas,41.55,97.69,31.06,3,0
2024-01,2024,1,Utah,49.33,,34.4,1,0
2024-01,2024,1,Vermont,33.87,,31.88,0,0
2024-01,2024,1,Virgin Islands,11.0,,,0,0
2024-01,2024,1,Virginia,32.68,4.6,29.41,1,0
2024-01,2024,1,Washington,34.84,7.0,33.63,0,0
2024-01,2024,1,West Virginia,34.29,,26.36,0,0
2024-01,2024,1,Wisconsin,39.2,48.75,29.68,0,0
2024-01,2024,1,Wyoming,36.86,22.81,35.78,2,0
2024-02,2024,2,Alabama,39.71,,39.76,0,0
2024-02,2024,2,Alaska,36.77,9.5,39.63,5,0
2024-02,2024,2,Arizona,47.92,18.39,42.26,0,0
2024-02,2024,2,Arkansas,48.89,,37.26,1,0
2024-02,2024,2,California,49.03,36.88,35.31,2,0
2024-02,2024,2,Colorado,33.94,17.5,43.93,0,0
2024-02,2024,2,Connecticut,39.51,,36.43,0,0
2024-02,2024,2,Country Of Mexico,59.89,74.77,34.86,1,0
2024-02,2024,2,Delaware,51.44,,35.26,0,0
2024-02,2024,2,District Of Columbia,52.39,,35.88,0,0
2024-02,2024,2,Florida,52.51,24.46,42.35,2,1
2024-02,2024,2,Georgia,49.33,,41.88,5,0
2024-02,2024,2,Hawaii,21.87,,35.12,0,0
2024-02,2024,2,Idaho,28.13,11.05,36.14,0,0
2024-02,2024,2,Illinois,44.41,,31.38,0,0
2024-02,2024,2,Indiana,49.39,67.0,32.59,0,0
2024-02,2024,2,Iowa,40.34,53.2,31.0,0,0
2024-02,2024,2,Kansas,44.81,17.41,34.6,1,0
2024-02,2024,2,Kentucky,39.75,,36.92,0,0
2024-02,2024,2,Louisiana,48.23,13.0,38.95,0,0
2024-02,2024,2,Maine,33.83,30.33,37.48,0,0
2024-02,2024,2,Maryland,39.84,8.25,35.66,0,0
2024-02,2024,2,Massachusetts,45.89,,36.55,0,0
2024-02,2024,2,Michigan,44.88,25.75,32.64,1,0
2024-02,2024,2,Minnesota,33.42,17.0,33.5,1,0
2024-02,2024,2,Mississippi,44.22,,38.56,0,0
2024-02,2024,2,Missouri,41.41,43.17,38.35,4,0
2024-02,2024,2,Montana,28.3,23.0,36.14,0,0
2024-02,2024,2,Nebraska,28.03,18.17,34.01,0,0
2024-02,2024,2,Nevada,35.43,10.84,39.46,0,0
2024-02,2024,2,New Hampshire,36.6,,37.87,0,0
2024-02,2024,2,New Jersey,46.08,,34.02,0,0
2024-02,2024,2,New Mexico,22.06,31.1,39.79,2,0
2024-02,2024,2,New York,42.48,60.0,33.52,0,0
2024-02,2024,2,North Carolina,40.51,9.56,36.87,0,0
2024-02,2024,2,North Dakota,37.08,,32.42,0,0
2024-02,2024,2,Ohio,45.71,37.25,35.37,1,0
2024-02,2024,2,Oklahoma,40.82,55.0,38.09,4,0
2024-02,2024,2,Oregon,32.4,,29.36,0,0
2024-02,2024,2,Pennsylvania,48.35,,33.71,2,0
2024-02,2024,2,Puerto Rico,41.38,18.47,26.67,4,0
2024-02,2024,2,Rhode Island,25.57,,36.86,0,0
2024-02,2024,2,South Carolina,54.76,,40.54,1,0
2024-02,2024,2,South Dakota,28.39,28.24,33.27,0,0
2024-02,2024,2,Tennessee,40.03,,41.0,0,0
2024-02,2024,2,Texas,44.28,67.2,37.67,5,0
2024-02,2024,2,Utah,30.53,,37.86,0,0
2024-02,2024,2,Vermont,39.51,,37.98,0,0
2024-02,2024,2,Virgin Islands,25.44,,,0,0
2024-02,2024,2,Virginia,40.2,5.0,35.08,0,0
2024-02,2024,2,Washington,27.96,17.91,34.6,0,0
2024-02,2024,2,West Virginia,43.92,,31.58,0,0
2024-02,2024,2,Wisconsin,38.91,,33.56,0,0
2024-02,2024,2,Wyoming,18.98,23.08,38.78,3,0
2024-03,2024,3,Alabama,46.15,,39.19,2,0
2024-03,2024,3,Alaska,25.66,19.47,36.27,0,0
2024-03,2024,3,Arizona,31.8,21.18,46.6,1,0
2024-03,2024,3,Arkansas,44.65,,38.68,0,0
2024-03,2024,3,California,38.09,81.66,39.24,2,0
2024-03,2024,3,Colorado,32.23,20.12,45.81,0,0
2024-03,2024,3,Connecticut,38.36,,38.72,0,0
2024-03,2024,3,Country Of Mexico,51.71,59.87,40.67,0,0
2024-03,2024,3,Delaware,44.15,,40.04,0,0
2024-03,2024,3,District Of Columbia,39.88,,40.55,0,0
2024-03,2024,3,Florida,48.43,20.39,42.22,0,0
2024-03,2024,3,Georgia,47.58,,39.24,4,0
2024-03,2024,3,Hawaii,26.7,,35.92,0,0
2024-03,2024,3,Idaho,22.82,10.48,40.49,0,0
2024-03,2024,3,Illinois,49.28,49.0,36.35,0,0
2024-03,2024,3,Indiana,44.71,60.33,36.67,1,0
2024-03,2024,3,Iowa,45.52,48.33,36.64,1,0
2024-03,2024,3,Kansas,49.48,23.88,38.39,2,0
2024-03,2024,3,Kentucky,46.33,,37.83,1,0
2024-03,2024,3,Louisiana,44.21,57.0,37.81,0,0
2024-03,2024,3,Maine,39.82,63.5,37.05,0,0
2024-03,2024,3,Maryland,38.52,7.0,39.98,0,0
2024-03,2024,3,Massachusetts,32.56,,37.9,0,0
2024-03,2024,3,Michigan,46.04,24.83,36.76,0,0
2024-03,2024,3,Minnesota,30.49,26.33,36.68,0,0
2024-03,2024,3,Mississippi,45.08,,39.91,0,0
2024-03,2024,3,Missouri,48.07,55.6,39.31,0,0
2024-03,2024,3,Montana,25.93,25.57,37.65,0,0
2024-03,2024,3,Nebraska,33.88,25.33,37.03,0,0
2024-03,2024,3,Nevada,24.28,19.0,43.62,1,0
2024-03,2024,3,New Hampshire,37.2,,38.92,0,0
2024-03,2024,3,New Jersey,43.63,,37.24,0,0
2024-03,2024,3,New Mexico,20.21,71.0,43.07,4,0
2024-03,2024,3,New York,34.06,,36.52,0,0
2024-03,2024,3,North Carolina,43.15,,42.64,1,0
2024-03,2024,3,North Dakota,40.03,,36.73,0,0
2024-03,2024,3,Ohio,44.12,30.09,36.99,0,0
2024-03,2024,3,Oklahoma,53.95,69.0,40.28,4,0
2024-03,2024,3,Oregon,27.95,,33.73,0,0
2024-03,2024,3,Pennsylvania,39.59,,37.32,0,0
2024-03,2024,3,Puerto Rico,38.03,19.81,22.95,3,0
2024-03,2024,3,Rhode Island,35.0,,38.45,0,0
2024-03,2024,3,South Carolina,51.92,,43.93,1,0
2024-03,2024,3,South Dakota,29.06,40.15,35.55,1,0
2024-03,2024,3,Tennessee,39.22,,41.43,0,0
2024-03,2024,3,Texas,48.43,119.4,39.94,8,0
2024-03,2024,3,Utah,18.94,113.4,42.63,1,1
2024-03,2024,3,Vermont,21.31,,37.29,0,0
2024-03,2024,3,Virgin Islands,16.0,,,0,0
2024-03,2024,3,Virginia,37.53,6.0,39.32,0,0
2024-03,2024,3,Washington,23.97,16.0,37.93,0,0
2024-03,2024,3,West Virginia,35.86,,37.6,0,0
2024-03,2024,3,Wisconsin,29.17,39.33,38.75,0,0
2024-03,2024,3,Wyoming,14.65,24.0,41.61,0,0
2024-04,2024,4,Alabama,48.44,,43.75,0,0
2024-04,2024,4,Alaska,20.14,33.93,40.46,0,0
2024-04,2024,4,Arizona,34.62,22.71,62.94,3,0
2024-04,2024,4,Arkansas,41.2,,44.35,1,0
2024-04,2024,4,California,41.13,47.75,48.64,12,0
2024-04,2024,4,Colorado,29.75,18.39,58.44,3,1
2024-04,2024,4,Connecticut,48.21,,42.95,0,0
2024-04,2024,4,Country Of Mexico,48.0,59.9,48.47,0,0
2024-04,2024,4,Delaware,50.43,,44.23,0,0
2024-04,2024,4,District Of Columbia,51.25,,44.0,0,0
2024-04,2024,4,Florida,51.25,29.57,51.71,4,0
2024-04,2024,4,Georgia,51.45,,44.29,1,0
2024-04,2024,4,Hawaii,27.84,,34.0,0,0
2024-04,2024,4,Idaho,20.9,43.86,43.55,0,0
2024-04,2024,4,Illinois,46.06,47.0,41.66,0,0
2024-04,2024,4,Indiana,38.39,48.75,41.76,0,0
2024-04,2024,4,Iowa,34.25,58.75,42.97,0,0
2024-04,2024,4,Kansas,54.18,44.5,45.29,4,0
2024-04,2024,4,Kentucky,50.04,,42.2,0,0
2024-04,2024,4,Louisiana,49.1,52.0,47.98,3,0
2024-04,2024,4,Maine,37.64,48.33,39.38,0,0
2024-04,2024,4,Maryland,42.59,,45.24,0,0
2024-04,2024,4,Massachusetts,40.45,,40.53,0,0
2024-04,2024,4,Michigan,40.38,14.0,41.11,0,0
2024-04,2024,4,Minnesota,23.15,44.33,39.09,0,0
2024-04,2024,4,Mississippi,48.66,,45.67,0,0
2024-04,2024,4,Missouri,39.96,50.39,44.66,2,0
2024-04,2024,4,Montana,20.84,17.81,41.38,0,0
2024-04,2024,4,Nebraska,21.32,20.12,43.23,0,0
2024-04,2024,4,Nevada,21.73,19.75,52.37,2,0
2024-04,2024,4,New Hampshire,24.0,,40.96,0,0
2024-04,2024,4,New Jersey,49.57,,42.19,0,0
2024-04,2024,4,New Mexico,25.0,41.9,55.7,5,1
2024-04,2024,4,New York,34.94,,39.57,0,0
2024-04,2024,4,North Carolina,47.27,,45.77,0,0
2024-04,2024,4,North Dakota,36.4,49.0,39.64,0,0
2024-04,2024,4,Ohio,43.0,44.48,42.95,0,0
2024-04,2024,4,Oklahoma,55.55,,46.86,4,0
2024-04,2024,4,Oregon,22.59,,34.78,0,0
2024-04,2024,4,Pennsylvania,44.53,,42.62,0,0
2024-04,2024,4,Puerto Rico,55.46,25.25,21.03,13,0
2024-04,2024,4,Rhode Island,31.75,,39.96,0,0
2024-04,2024,4,South Carolina,52.53,,48.02,0,0
2024-04,2024,4,South Dakota,21.2,30.11,39.01,0,0
2024-04,2024,4,Tennessee,41.19,,45.47,1,0
2024-04,2024,4,Texas,57.17,85.12,45.4,21,2
2024-04,2024,4,Utah,20.04,114.5,50.4,1,0
2024-04,2024,4,Vermont,12.09,,40.39,0,0
2024-04,2024,4,Virgin Islands,24.3,,,0,0
2024-04,2024,4,Virginia,42.07,10.3,41.92,0,0
2024-04,2024,4,Washington,19.13,19.52,39.48,0,0
2024-04,2024,4,West Virginia,36.79,,43.09,0,0
2024-04,2024,4,Wisconsin,29.16,50.6,41.18,0,0
2024-04,2024,4,Wyoming,12.55,25.57,49.11,3,0
2024-05,2024,5,Alabama,45.61,,41.19,0,0
2024-05,2024,5,Alaska,16.44,23.58,36.38,0,0
2024-05,2024,5,Arizona,36.53,30.34,79.44,18,0
2024-05,2024,5,Arkansas,49.98,,43.13,0,0
2024-05,2024,5,California,40.04,39.76,55.69,19,1
2024-05,2024,5,Colorado,19.86,18.85,64.21,6,0
2024-05,2024,5,Connecticut,43.36,,44.29,2,0
2024-05,2024,5,Country Of Mexico,51.0,58.65,64.92,0,0
2024-05,2024,5,Delaware,47.04,,46.01,2,0
2024-05,2024,5,District Of Columbia,45.27,,54.58,1,0
2024-05,2024,5,Florida,51.68,32.97,45.42,3,0
2024-05,2024,5,Georgia,45.38,,41.03,0,0
2024-05,2024,5,Hawaii,25.41,,31.94,0,0
2024-05,2024,5,Idaho,19.93,36.38,43.67,0,0
2024-05,2024,5,Illinois,50.43,61.0,47.62,0,0
2024-05,2024,5,Indiana,41.19,43.0,47.47,0,0
2024-05,2024,5,Iowa,39.96,57.5,48.46,0,0
2024-05,2024,5,Kansas,38.88,23.75,46.94,1,0
2024-05,2024,5,Kentucky,40.17,,42.17,0,0
2024-05,2024,5,Louisiana,53.75,,44.38,4,0
2024-05,2024,5,Maine,41.5,,35.58,0,0
2024-05,2024,5,Maryland,39.86,,44.9,3,0
2024-05,2024,5,Massachusetts,37.45,,40.52,2,0
2024-05,2024,5,Michigan,37.2,18.8,47.51,0,0
2024-05,2024,5,Minnesota,43.23,15.5,39.96,2,0
2024-05,2024,5,Mississippi,48.3,,44.38,0,0
2024-05,2024,5,Missouri,43.18,46.2,45.54,1,0
2024-05,2024,5,Montana,17.71,17.74,39.81,1,0
2024-05,2024,5,Nebraska,20.76,14.22,46.88,1,0
2024-05,2024,5,Nevada,20.72,28.87,56.38,6,0
2024-05,2024,5,New Hampshire,33.25,,40.82,0,0
2024-05,2024,5,New Jersey,45.36,,43.78,2,0
2024-05,2024,5,New Mexico,26.85,37.77,69.51,10,0
2024-05,2024,5,New York,35.26,,40.33,1,0
2024-05,2024,5,North Carolina,39.61,,41.81,0,0
2024-05,2024,5,North Dakota,66.74,,39.22,2,0
2024-05,2024,5,Ohio,44.58,40.27,49.52,3,0
2024-05,2024,5,Oklahoma,52.37,,51.89,4,0
2024-05,2024,5,Oregon,19.85,,37.9,3,0
2024-05,2024,5,Pennsylvania,37.85,,44.53,2,0
2024-05,2024,5,Puerto Rico,62.72,28.29,14.0,18,0
2024-05,2024,5,Rhode Island,30.3,,38.81,1,0
2024-05,2024,5,South Carolina,46.18,,43.85,0,0
2024-05,2024,5,South Dakota,31.49,34.91,44.24,0,0
2024-05,2024,5,Tennessee,37.99,,43.77,0,0
2024-05,2024,5,Texas,69.96,77.2,53.98,30,0
2024-05,2024,5,Utah,26.63,81.0,53.77,4,0
2024-05,2024,5,Vermont,18.85,,39.84,0,0
2024-05,2024,5,Virgin Islands,33.0,,,0,0
2024-05,2024,5,Virginia,37.14,9.2,39.88,0,0
2024-05,2024,5,Washington,18.21,22.42,37.29,0,0
2024-05,2024,5,West Virginia,38.23,,42.5,0,0
2024-05,2024,5,Wisconsin,40.97,51.0,43.58,2,0
2024-05,2024,5,Wyoming,8.94,24.15,49.63,3,0
2024-06,2024,6,Alabama,46.81,,45.42,3,0
2024-06,2024,6,Alaska,32.73,18.58,34.25,5,0
2024-06,2024,6,Arizona,39.39,44.35,66.18,16,1
2024-06,2024,6,Arkansas,49.02,,47.74,4,1
2024-06,2024,6,California,45.42,40.91,72.12,27,4
2024-06,2024,6,Colorado,25.96,23.18,60.09,8,0
2024-06,2024,6,Connecticut,47.37,,62.62,10,0
2024-06,2024,6,Country Of Mexico,48.6,51.92,49.17,0,0
2024-06,2024,6,Delaware,47.0,,51.19,1,0
2024-06,2024,6,District Of Columbia,60.22,,61.67,2,0
2024-06,2024,6,Florida,43.87,27.03,35.97,0,0
2024-06,2024,6,Georgia,49.13,,50.84,5,0
2024-06,2024,6,Hawaii,27.43,,25.46,0,0
2024-06,2024,6,Idaho,25.7,9.7,49.13,1,0
2024-06,2024,6,Illinois,52.69,52.0,51.14,4,0
2024-06,2024,6,Indiana,43.21,56.75,52.94,4,0
2024-06,2024,6,Iowa,41.95,57.33,47.57,0,0
2024-06,2024,6,Kansas,37.48,34.32,47.21,1,0
2024-06,2024,6,Kentucky,50.04,,47.47,4,0
2024-06,2024,6,Louisiana,46.44,,43.78,3,0
2024-06,2024,6,Maine,42.83,,37.49,1,0
2024-06,2024,6,Maryland,46.89,,54.37,4,0
2024-06,2024,6,Massachusetts,45.34,,45.52,1,0
2024-06,2024,6,Michigan,38.94,30.8,47.88,5,0
2024-06,2024,6,Minnesota,25.45,26.14,38.7,0,0
2024-06,2024,6,Mississippi,44.5,,46.09,2,0
2024-06,2024,6,Missouri,45.02,53.77,47.86,1,0
2024-06,2024,6,Montana,17.78,18.28,41.04,0,0
2024-06,2024,6,Nebraska,26.49,15.52,48.86,0,0
2024-06,2024,6,Nevada,23.43,30.77,58.11,8,0
2024-06,2024,6,New Hampshire,44.64,,44.37,1,0
2024-06,2024,6,New Jersey,48.17,,55.95,6,0
2024-06,2024,6,New Mexico,29.73,46.62,61.47,12,0
2024-06,2024,6,New York,41.07,,49.14,8,0
2024-06,2024,6,North Carolina,45.98,,48.68,3,0
2024-06,2024,6,North Dakota,25.0,,40.81,0,0
2024-06,2024,6,Ohio,50.54,22.8,54.42,8,0
2024-06,2024,6,Oklahoma,47.75,,51.29,5,0
2024-06,2024,6,Oregon,19.05,22.0,36.87,0,0
2024-06,2024,6,Pennsylvania,46.08,,51.98,5,0
2024-06,2024,6,Puerto Rico,36.95,27.54,13.5,0,0
2024-06,2024,6,Rhode Island,39.97,,45.94,0,0
2024-06,2024,6,South Carolina,48.24,,51.75,1,0
2024-06,2024,6,South Dakota,17.16,24.23,44.46,0,0
2024-06,2024,6,Tennessee,45.47,,51.21,5,0
2024-06,2024,6,Texas,53.06,89.5,51.68,19,2
2024-06,2024,6,Utah,46.07,64.5,57.4,4,0
2024-06,2024,6,Vermont,37.48,,42.03,0,0
2024-06,2024,6,Virgin Islands,37.67,,,0,0
2024-06,2024,6,Virginia,44.08,8.9,44.38,1,0
2024-06,2024,6,Washington,19.29,23.09,35.16,0,0
2024-06,2024,6,West Virginia,46.14,,46.89,0,0
2024-06,2024,6,Wisconsin,31.04,,42.46,3,0
2024-06,2024,6,Wyoming,15.76,32.18,50.44,2,0
2024-07,2024,7,Alabama,41.53,,35.25,1,0
2024-07,2024,7,Alaska,20.82,11.22,22.7,1,0
2024-07,2024,7,Arizona,39.61,37.72,79.69,22,0
2024-07,2024,7,Arkansas,51.9,,36.32,0,0
2024-07,2024,7,California,48.72,25.17,85.84,31,21
2024-07,2024,7,Colorado,35.14,19.87,80.6,23,0
2024-07,2024,7,Connecticut,53.93,,50.45,5,0
2024-07,2024,7,Country Of Mexico,40.27,61.0,52.67,0,0
2024-07,2024,7,Delaware,49.88,,49.83,1,0
2024-07,2024,7,District Of Columbia,57.44,,66.23,0,0
2024-07,2024,7,Florida,47.2,27.91,32.8,0,0
2024-07,2024,7,Georgia,42.66,,39.1,4,0
2024-07,2024,7,Hawaii,22.49,,26.12,0,0
2024-07,2024,7,Idaho,59.14,,73.94,17,1
2024-07,2024,7,Illinois,53.49,,45.65,4,0
2024-07,2024,7,Indiana,50.47,,47.47,3,0
2024-07,2024,7,Iowa,49.11,44.0,44.04,0,0
2024-07,2024,7,Kansas,48.91,43.5,53.54,4,0
2024-07,2024,7,Kentucky,49.06,,45.62,2,0
2024-07,2024,7,Louisiana,49.08,72.0,30.22,2,0
2024-07,2024,7,Maine,47.31,,39.95,0,0
2024-07,2024,7,Maryland,50.46,,53.17,3,0
2024-07,2024,7,Massachusetts,50.31,,44.61,1,0
2024-07,2024,7,Michigan,47.93,25.4,46.15,4,0
2024-07,2024,7,Minnesota,51.15,,39.68,1,0
2024-07,2024,7,Mississippi,43.17,,37.16,0,0
2024-07,2024,7,Missouri,51.12,50.43,43.0,1,0
2024-07,2024,7,Montana,53.13,28.04,51.35,8,0
2024-07,2024,7,Nebraska,45.97,21.65,58.1,8,0
2024-07,2024,7,Nevada,39.07,37.3,70.17,19,0
2024-07,2024,7,New Hampshire,50.9,,42.39,0,0
2024-07,2024,7,New Jersey,53.59,,54.06,7,0
2024-07,2024,7,New Mexico,31.47,36.03,78.08,17,0
2024-07,2024,7,New York,48.64,,46.3,7,0
2024-07,2024,7,North Carolina,44.5,,39.84,1,0
2024-07,2024,7,North Dakota,73.61,,46.39,6,0
2024-07,2024,7,Ohio,52.81,12.5,51.66,4,0
2024-07,2024,7,Oklahoma,53.58,,55.44,5,1
2024-07,2024,7,Oregon,60.1,,50.1,20,4
2024-07,2024,7,Pennsylvania,46.5,,53.87,7,0
2024-07,2024,7,Puerto Rico,45.09,14.5,6.65,1,0
2024-07,2024,7,Rhode Island,46.58,,41.26,0,0
2024-07,2024,7,South Carolina,47.55,,40.48,2,0
2024-07,2024,7,South Dakota,47.12,30.35,66.97,8,0
2024-07,2024,7,Tennessee,44.24,,44.83,2,0
2024-07,2024,7,Texas,54.45,66.5,50.76,17,0
2024-07,2024,7,Utah,53.04,,76.16,19,0
2024-07,2024,7,Vermont,45.36,,38.17,0,0
2024-07,2024,7,Virgin Islands,40.1,,,0,0
2024-07,2024,7,Virginia,44.53,10.1,41.99,0,0
2024-07,2024,7,Washington,40.81,45.86,46.65,12,0
2024-07,2024,7,West Virginia,46.3,,48.62,0,0
2024-07,2024,7,Wisconsin,43.96,,41.96,3,0
2024-07,2024,7,Wyoming,50.68,26.53,71.02,9,1
2024-08,2024,8,Alabama,52.48,,44.48,2,0
2024-08,2024,8,Alaska,19.25,11.82,24.22,0,0
2024-08,2024,8,Arizona,31.41,25.8,61.14,11,0
2024-08,2024,8,Arkansas,59.0,,43.94,2,0
2024-08,2024,8,California,44.58,38.26,72.56,26,2
2024-08,2024,8,Colorado,30.9,14.49,60.38,7,0
2024-08,2024,8,Connecticut,58.11,,44.67,6,0
2024-08,2024,8,Country Of Mexico,37.91,64.38,,0,0
2024-08,2024,8,Delaware,52.66,,48.5,0,0
2024-08,2024,8,District Of Columbia,49.71,,61.24,1,0
2024-08,2024,8,Florida,46.49,31.97,33.3,0,0
2024-08,2024,8,Georgia,51.04,,43.44,3,0
2024-08,2024,8,Hawaii,21.24,,20.0,0,0
2024-08,2024,8,Idaho,60.34,56.33,53.09,25,3
2024-08,2024,8,Illinois,51.3,,44.36,4,0
2024-08,2024,8,Indiana,49.12,62.0,46.08,3,0
2024-08,2024,8,Iowa,48.36,48.0,38.3,0,0
2024-08,2024,8,Kansas,46.35,40.0,47.61,1,0
2024-08,2024,8,Kentucky,50.89,,48.6,6,0
2024-08,2024,8,Louisiana,56.2,,50.96,8,0
2024-08,2024,8,Maine,51.44,,31.29,0,0
2024-08,2024,8,Maryland,48.82,,47.08,3,0
2024-08,2024,8,Massachusetts,53.76,,37.83,1,0
2024-08,2024,8,Michigan,47.71,22.4,40.71,4,0
2024-08,2024,8,Minnesota,48.07,11.0,32.47,2,0
2024-08,2024,8,Mississippi,55.01,,45.7,2,0
2024-08,2024,8,Missouri,48.97,66.5,43.4,3,0
2024-08,2024,8,Montana,44.63,27.11,43.8,3,0
2024-08,2024,8,Nebraska,39.17,21.25,44.84,1,0
2024-08,2024,8,Nevada,31.89,40.93,56.05,3,0
2024-08,2024,8,New Hampshire,52.49,,33.79,0,0
2024-08,2024,8,New Jersey,50.86,,48.1,5,0
2024-08,2024,8,New Mexico,23.45,25.94,61.36,11,1
2024-08,2024,8,New York,46.79,,38.62,3,0
2024-08,2024,8,North Carolina,48.5,,40.41,3,0
2024-08,2024,8,North Dakota,57.98,39.0,39.55,3,0
2024-08,2024,8,Ohio,51.75,36.25,49.36,5,0
2024-08,2024,8,Oklahoma,55.61,,60.49,11,0
2024-08,2024,8,Oregon,52.75,,41.75,10,2
2024-08,2024,8,Pennsylvania,47.36,,45.97,5,0
2024-08,2024,8,Puerto Rico,31.41,25.29,7.31,0,0
2024-08,2024,8,Rhode Island,48.46,,43.49,2,0
2024-08,2024,8,South Carolina,49.45,,40.12,2,0
2024-08,2024,8,South Dakota,41.21,41.85,45.83,2,0
2024-08,2024,8,Tennessee,49.01,,52.36,6,0
2024-08,2024,8,Texas,47.45,88.58,60.66,22,1
2024-08,2024,8,Utah,40.29,,57.49,9,0
2024-08,2024,8,Vermont,44.3,,29.23,0,0
2024-08,2024,8,Virgin Islands,29.7,,,0,0
2024-08,2024,8,Virginia,47.83,12.1,40.58,4,0
2024-08,2024,8,Washington,38.46,44.08,37.86,3,0
2024-08,2024,8,West Virginia,46.12,,47.09,1,0
2024-08,2024,8,Wisconsin,44.67,,39.35,6,0
2024-08,2024,8,Wyoming,39.85,30.63,55.16,6,0
2024-09,2024,9,Alabama,41.7,,37.55,0,0
2024-09,2024,9,Alaska,17.0,16.6,21.48,0,0
2024-09,2024,9,Arizona,37.09,42.71,61.66,14,0
2024-09,2024,9,Arkansas,49.01,,35.86,0,0
2024-09,2024,9,California,42.35,43.91,67.9,26,6
2024-09,2024,9,Colorado,30.96,21.29,53.65,1,0
2024-09,2024,9,Connecticut,37.04,,36.76,0,0
2024-09,2024,9,Country Of Mexico,48.56,75.36,39.71,0,0
2024-09,2024,9,Delaware,39.1,,41.04,0,0
2024-09,2024,9,District Of Columbia,34.36,,43.68,0,0
2024-09,2024,9,Florida,39.03,26.76,30.58,0,0
2024-09,2024,9,Georgia,44.24,,36.77,0,0
2024-09,2024,9,Hawaii,21.08,,24.56,0,0
2024-09,2024,9,Idaho,49.51,41.71,40.74,12,2
2024-09,2024,9,Illinois,42.51,67.0,44.79,5,0
2024-09,2024,9,Indiana,35.76,86.0,45.28,3,0
2024-09,2024,9,Iowa,42.01,49.14,41.14,0,0
2024-09,2024,9,Kansas,43.1,40.48,42.62,0,0
2024-09,2024,9,Kentucky,39.76,12.0,38.82,1,0
2024-09,2024,9,Louisiana,46.51,,37.52,0,0
2024-09,2024,9,Maine,36.85,,31.76,1,0
2024-09,2024,9,Maryland,33.86,6.0,38.64,0,0
2024-09,2024,9,Massachusetts,36.75,,36.1,0,0
2024-09,2024,9,Michigan,39.49,32.6,43.0,1,0
2024-09,2024,9,Minnesota,44.34,50.33,37.88,4,0
2024-09,2024,9,Mississippi,43.36,,38.53,2,0
2024-09,2024,9,Missouri,42.57,52.42,41.31,2,0
2024-09,2024,9,Montana,40.82,28.89,36.21,9,0
2024-09,2024,9,Nebraska,41.2,27.17,42.52,0,0
2024-09,2024,9,Nevada,31.34,43.46,54.86,3,0
2024-09,2024,9,New Hampshire,37.29,,35.8,0,0
2024-09,2024,9,New Jersey,39.54,,39.33,1,0
2024-09,2024,9,New Mexico,22.92,32.09,54.19,7,0
2024-09,2024,9,New York,35.61,,34.74,0,0
2024-09,2024,9,North Carolina,39.88,,33.72,0,0
2024-09,2024,9,North Dakota,82.62,48.33,38.9,4,0
2024-09,2024,9,Ohio,39.53,37.4,44.21,2,0
2024-09,2024,9,Oklahoma,46.52,70.0,45.82,1,0
2024-09,2024,9,Oregon,44.88,,34.15,10,0
2024-09,2024,9,Pennsylvania,36.77,,40.58,3,0
2024-09,2024,9,Puerto Rico,25.23,25.86,6.0,0,0
2024-09,2024,9,Rhode Island,34.03,,34.52,0,0
2024-09,2024,9,South Carolina,44.07,,35.61,0,0
2024-09,2024,9,South Dakota,42.45,44.68,48.05,2,0
2024-09,2024,9,Tennessee,31.9,,39.16,0,0
2024-09,2024,9,Texas,40.14,65.44,48.43,14,0
2024-09,2024,9,Utah,50.44,,53.31,3,0
2024-09,2024,9,Vermont,35.89,,32.33,0,0
2024-09,2024,9,Virgin Islands,19.9,,,0,0
2024-09,2024,9,Virginia,35.02,6.5,34.55,0,0
2024-09,2024,9,Washington,32.21,40.22,31.7,2,0
2024-09,2024,9,West Virginia,31.57,,39.31,0,0
2024-09,2024,9,Wisconsin,33.87,,44.74,5,0
2024-09,2024,9,Wyoming,33.66,39.45,47.46,11,0
2024-10,2024,10,Alabama,48.78,33.0,42.31,0,0
2024-10,2024,10,Alaska,25.38,39.33,28.44,0,0
2024-10,2024,10,Arizona,43.44,54.64,54.98,17,0
2024-10,2024,10,Arkansas,61.94,,47.55,2,0
2024-10,2024,10,California,44.74,57.11,62.14,23,3
2024-10,2024,10,Colorado,48.47,32.72,43.01,1,0
2024-10,2024,10,Connecticut,36.69,,36.1,0,0
2024-10,2024,10,Country Of Mexico,63.0,78.23,,5,0
2024-10,2024,10,Delaware,45.57,,40.58,0,0
2024-10,2024,10,District Of Columbia,48.5,,36.25,0,0
2024-10,2024,10,Florida,47.76,35.76,39.53,1,0
2024-10,2024,10,Georgia,51.15,,39.34,0,0
2024-10,2024,10,Hawaii,20.7,,22.9,0,0
2024-10,2024,10,Idaho,41.49,47.73,34.29,13,0
2024-10,2024,10,Illinois,52.96,64.78,40.88,0,0
2024-10,2024,10,Indiana,47.05,77.0,41.4,2,0
2024-10,2024,10,Iowa,49.58,51.64,41.68,0,0
2024-10,2024,10,Kansas,45.59,56.38,49.21,0,0
2024-10,2024,10,Kentucky,48.78,,40.9,0,0
2024-10,2024,10,Louisiana,52.73,,52.23,3,0
2024-10,2024,10,Maine,31.17,12.0,29.86,0,0
2024-10,2024,10,Maryland,45.57,,38.75,0,0
2024-10,2024,10,Massachusetts,43.99,,33.52,1,0
2024-10,2024,10,Michigan,43.96,23.33,36.42,1,0
2024-10,2024,10,Minnesota,41.1,60.13,31.54,1,0
2024-10,2024,10,Mississippi,57.75,,47.81,2,0
2024-10,2024,10,Missouri,50.04,59.31,46.37,5,0
2024-10,2024,10,Montana,33.0,18.77,34.08,2,0
2024-10,2024,10,Nebraska,49.44,45.29,39.06,0,0
2024-10,2024,10,Nevada,30.56,47.94,44.11,2,1
2024-10,2024,10,New Hampshire,34.47,,35.93,0,0
2024-10,2024,10,New Jersey,44.87,37.5,36.14,0,0
2024-10,2024,10,New Mexico,31.71,62.24,47.97,7,1
2024-10,2024,10,New York,37.4,,33.57,0,0
2024-10,2024,10,North Carolina,45.53,,37.42,0,0
2024-10,2024,10,North Dakota,46.85,56.9,34.68,0,0
2024-10,2024,10,Ohio,49.64,40.1,38.5,2,0
2024-10,2024,10,Oklahoma,51.62,55.88,57.84,6,0
2024-10,2024,10,Oregon,37.5,,30.36,5,0
2024-10,2024,10,Pennsylvania,43.09,,36.62,1,0
2024-10,2024,10,Puerto Rico,39.13,26.86,5.55,0,0
2024-10,2024,10,Rhode Island,28.7,,,0,0
2024-10,2024,10,South Carolina,50.31,,38.98,0,0
2024-10,2024,10,South Dakota,44.48,63.06,41.62,6,0
2024-10,2024,10,Tennessee,41.61,30.0,42.08,0,0
2024-10,2024,10,Texas,45.92,83.78,57.4,21,0
2024-10,2024,10,Utah,48.62,42.67,42.39,4,0
2024-10,2024,10,Vermont,31.0,,33.62,0,0
2024-10,2024,10,Virgin Islands,26.9,,,0,0
2024-10,2024,10,Virginia,41.29,6.09,35.34,0,0
2024-10,2024,10,Washington,30.17,24.93,33.6,0,0
2024-10,2024,10,West Virginia,39.85,,36.13,0,0
2024-10,2024,10,Wisconsin,37.09,54.5,35.27,0,0
2024-10,2024,10,Wyoming,50.17,36.68,39.6,12,0
2024-11,2024,11,Alabama,34.9,28.0,32.38,0,0
2024-11,2024,11,Alaska,34.77,83.0,34.1,0,0
2024-11,2024,11,Arizona,54.67,38.95,42.03,6,0
2024-11,2024,11,Arkansas,40.7,,29.26,0,0
2024-11,2024,11,California,51.03,58.13,35.13,11,0
2024-11,2024,11,Colorado,34.19,14.34,41.13,0,0
2024-11,2024,11,Connecticut,31.0,,30.99,0,0
2024-11,2024,11,Country Of Mexico,57.62,84.07,34.5,5,0
2024-11,2024,11,Delaware,37.92,,31.82,0,0
2024-11,2024,11,District Of Columbia,44.8,,29.73,0,0
2024-11,2024,11,Florida,43.37,28.58,36.04,1,0
2024-11,2024,11,Georgia,40.93,,30.85,0,0
2024-11,2024,11,Hawaii,19.03,,33.65,0,0
2024-11,2024,11,Idaho,40.3,28.0,30.89,6,0
2024-11,2024,11,Illinois,35.36,,24.2,0,0
2024-11,2024,11,Indiana,38.66,38.0,26.67,1,0
2024-11,2024,11,Iowa,36.14,36.2,26.33,0,0
2024-11,2024,11,Kansas,30.17,18.71,28.81,0,0
2024-11,2024,11,Kentucky,34.28,,29.22,0,0
2024-11,2024,11,Louisiana,42.34,,32.36,0,0
2024-11,2024,11,Maine,21.77,2.0,28.94,0,0
2024-11,2024,11,Maryland,31.7,7.4,30.38,1,0
2024-11,2024,11,Massachusetts,57.42,,31.84,1,0
2024-11,2024,11,Michigan,29.98,9.4,26.76,0,0
2024-11,2024,11,Minnesota,28.7,,26.27,0,0
2024-11,2024,11,Mississippi,39.23,,30.5,0,0
2024-11,2024,11,Missouri,29.74,12.88,28.28,0,0
2024-11,2024,11,Montana,28.32,18.84,30.96,3,0
2024-11,2024,11,Nebraska,26.91,11.33,29.31,0,0
2024-11,2024,11,Nevada,46.59,21.79,37.9,0,0
2024-11,2024,11,New Hampshire,32.62,,32.98,0,0
2024-11,2024,11,New Jersey,36.31,43.0,29.76,1,0
2024-11,2024,11,New Mexico,26.18,31.55,37.86,1,0
2024-11,2024,11,New York,34.86,,28.58,0,0
2024-11,2024,11,North Carolina,37.15,11.55,33.38,0,0
2024-11,2024,11,North Dakota,35.28,28.0,26.66,0,0
2024-11,2024,11,Ohio,35.99,24.94,29.02,0,0
2024-11,2024,11,Oklahoma,35.73,19.5,33.61,0,0
2024-11,2024,11,Oregon,40.74,,29.58,2,0
2024-11,2024,11,Pennsylvania,37.86,,29.59,1,0
2024-11,2024,11,Puerto Rico,25.07,23.88,12.85,0,0
2024-11,2024,11,Rhode Island,24.63,,,0,0
2024-11,2024,11,South Carolina,41.93,,30.09,0,0
2024-11,2024,11,South Dakota,28.56,44.0,31.61,1,0
2024-11,2024,11,Tennessee,32.96,,32.59,0,0
2024-11,2024,11,Texas,40.86,56.88,35.32,1,0
2024-11,2024,11,Utah,37.21,,35.2,0,0
2024-11,2024,11,Vermont,27.86,,29.74,0,0
2024-11,2024,11,Virgin Islands,16.11,,,0,0
2024-11,2024,11,Virginia,32.92,6.4,29.58,0,0
2024-11,2024,11,Washington,36.28,12.6,32.56,2,0
2024-11,2024,11,West Virginia,32.05,,27.24,0,0
2024-11,2024,11,Wisconsin,28.75,7.59,25.58,0,0
2024-11,2024,11,Wyoming,14.18,21.85,35.72,0,0
2024-12,2024,12,Alabama,36.68,,33.21,0,0
2024-12,2024,12,Alaska,39.93,15.5,37.53,6,0
2024-12,2024,12,Arizona,71.44,42.96,40.63,17,0
2024-12,2024,12,Arkansas,44.63,,27.5,0,0
2024-12,2024,12,California,64.52,46.24,32.63,21,0
2024-12,2024,12,Colorado,37.01,18.48,40.89,0,0
2024-12,2024,12,Connecticut,41.13,,31.26,0,0
2024-12,2024,12,Country Of Mexico,79.77,98.67,,6,0
2024-12,2024,12,Delaware,45.81,,33.65,0,0
2024-12,2024,12,District Of Columbia,49.1,,31.0,0,0
2024-12,2024,12,Florida,44.11,25.97,34.94,0,1
2024-12,2024,12,Georgia,44.58,,32.85,1,0
2024-12,2024,12,Hawaii,27.03,,27.12,0,0
2024-12,2024,12,Idaho,42.34,,33.11,1,0
2024-12,2024,12,Illinois,40.75,37.0,23.37,0,0
2024-12,2024,12,Indiana,41.98,75.0,25.05,1,0
2024-12,2024,12,Iowa,42.59,41.75,26.33,0,0
2024-12,2024,12,Kansas,41.47,23.25,25.46,0,0
2024-12,2024,12,Kentucky,33.98,45.0,29.63,0,0
2024-12,2024,12,Louisiana,44.78,,30.97,1,0
2024-12,2024,12,Maine,33.4,9.33,30.67,0,0
2024-12,2024,12,Maryland,37.99,7.6,32.14,0,0
2024-12,2024,12,Massachusetts,42.26,,32.24,0,0
2024-12,2024,12,Michigan,37.36,14.33,27.85,0,0
2024-12,2024,12,Minnesota,36.38,24.0,28.17,0,0
2024-12,2024,12,Mississippi,41.79,,31.3,1,0
2024-12,2024,12,Missouri,36.65,22.68,22.81,0,0
2024-12,2024,12,Montana,28.5,16.74,32.17,0,0
2024-12,2024,12,Nebraska,35.61,18.92,28.09,0,0
2024-12,2024,12,Nevada,56.53,27.15,34.46,1,0
2024-12,2024,12,New Hampshire,42.83,,34.19,0,0
2024-12,2024,12,New Jersey,41.16,,30.21,0,0
2024-12,2024,12,New Mexico,31.77,45.51,35.97,0,0
2024-12,2024,12,New York,41.62,,28.49,1,0
2024-12,2024,12,North Carolina,37.17,9.91,32.02,0,0
2024-12,2024,12,North Dakota,39.33,,27.51,0,0
2024-12,2024,12,Ohio,40.15,14.87,29.29,0,0
2024-12,2024,12,Oklahoma,41.34,46.0,29.42,0,0
2024-12,2024,12,Oregon,43.5,,30.77,8,0
2024-12,2024,12,Pennsylvania,45.57,,30.43,0,0
2024-12,2024,12,Puerto Rico,32.53,16.86,13.54,0,0
2024-12,2024,12,Rhode Island,30.34,,,0,0
2024-12,2024,12,South Carolina,43.56,,32.57,0,0
2024-12,2024,12,South Dakota,31.74,47.58,35.67,1,0
2024-12,2024,12,Tennessee,33.37,,33.1,0,0
2024-12,2024,12,Texas,41.1,79.25,29.78,4,0
2024-12,2024,12,Utah,51.59,,33.39,5,0
2024-12,2024,12,Vermont,34.62,,31.19,0,0
2024-12,2024,12,Virgin Islands,23.7,,,0,0
2024-12,2024,12,Virginia,37.35,21.75,29.13,0,0
2024-12,2024,12,Washington,34.99,6.5,33.78,0,0
2024-12,2024,12,West Virginia,37.73,,29.67,0,0
2024-12,2024,12,Wisconsin,38.37,14.45,27.23,0,0
2024-12,2024,12,Wyoming,20.06,39.08,36.95,2,0
2025-01,2025,1,Alabama,33.82,,34.48,1,0
2025-01,2025,1,Alaska,37.39,8.18,39.12,7,0
2025-01,2025,1,Arizona,68.56,53.67,42.08,6,1
2025-01,2025,1,Arkansas,44.59,,34.51,1,1
2025-01,2025,1,California,61.59,41.98,35.61,17,0
2025-01,2025,1,Colorado,32.23,17.7,40.63,0,0
2025-01,2025,1,Connecticut,41.64,,33.4,0,0
2025-01,2025,1,Country Of Mexico,72.38,75.89,43.0,4,0
2025-01,2025,1,Delaware,53.08,,33.71,0,0
2025-01,2025,1,District Of Columbia,50.0,,33.22,0,0
2025-01,2025,1,Florida,46.61,18.2,36.69,2,0
2025-01,2025,1,Georgia,43.25,,35.97,0,0
2025-01,2025,1,Hawaii,32.29,,35.17,0,0
2025-01,2025,1,Idaho,43.13,13.38,35.46,1,0
2025-01,2025,1,Illinois,34.02,49.5,29.22,0,0
2025-01,2025,1,Indiana,43.84,51.0,30.14,0,0
2025-01,2025,1,Iowa,35.21,39.44,31.14,0,0
2025-01,2025,1,Kansas,36.47,15.0,31.68,0,0
2025-01,2025,1,Kentucky,37.78,,32.44,0,0
2025-01,2025,1,Louisiana,40.81,32.0,33.47,0,0
2025-01,2025,1,Maine,38.58,31.62,32.92,0,0
2025-01,2025,1,Maryland,40.93,8.0,34.44,0,0
2025-01,2025,1,Massachusetts,50.21,41.0,34.29,0,0
2025-01,2025,1,Michigan,34.45,21.0,32.5,0,0
2025-01,2025,1,Minnesota,25.09,21.5,33.0,0,0
2025-01,2025,1,Mississippi,35.75,,34.65,0,0
2025-01,2025,1,Missouri,33.23,25.36,29.12,0,0
2025-01,2025,1,Montana,29.0,16.52,35.29,0,0
2025-01,2025,1,Nebraska,30.36,21.19,32.53,0,0
2025-01,2025,1,Nevada,52.69,27.64,36.2,1,0
2025-01,2025,1,New Hampshire,43.53,,35.84,0,0
2025-01,2025,1,New Jersey,44.55,,31.89,0,0
2025-01,2025,1,New Mexico,27.96,47.68,37.12,4,1
2025-01,2025,1,New York,45.67,,33.31,0,0
2025-01,2025,1,North Carolina,36.0,9.16,34.57,1,0
2025-01,2025,1,North Dakota,33.45,,34.52,0,0
2025-01,2025,1,Ohio,43.05,20.12,31.31,0,0
2025-01,2025,1,Oklahoma,35.74,28.0,32.2,0,0
2025-01,2025,1,Oregon,49.92,,30.0,6,0
2025-01,2025,1,Pennsylvania,49.05,,32.52,1,0
2025-01,2025,1,Puerto Rico,29.96,37.0,12.84,0,0
2025-01,2025,1,Rhode Island,32.3,,,0,0
2025-01,2025,1,South Carolina,43.76,,34.65,0,0
2025-01,2025,1,South Dakota,29.32,49.69,35.29,1,0
2025-01,2025,1,Tennessee,34.41,57.0,35.53,0,0
2025-01,2025,1,Texas,39.78,98.05,32.09,4,1
2025-01,2025,1,Utah,44.09,68.5,35.14,0,0
2025-01,2025,1,Vermont,38.26,,34.94,0,0
2025-01,2025,1,Virgin Islands,14.82,,,0,0
2025-01,2025,1,Virginia,36.86,6.4,33.94,0,0
2025-01,2025,1,Washington,42.2,4.0,30.75,0,0
2025-01,2025,1,West Virginia,39.65,,32.29,0,0
2025-01,2025,1,Wisconsin,31.64,44.2,33.43,0,0
2025-01,2025,1,Wyoming,25.72,31.43,38.97,2,1
2025-02,2025,2,Alabama,41.74,,35.48,0,0
2025-02,2025,2,Alaska,40.44,32.2,39.67,1,0
2025-02,2025,2,Arizona,55.49,41.85,45.07,5,0
2025-02,2025,2,Arkansas,39.68,,33.59,0,0
2025-02,2025,2,California,49.49,25.0,37.66,3,0
2025-02,2025,2,Colorado,35.78,29.61,43.18,0,0
2025-02,2025,2,Connecticut,39.0,,36.81,0,0
2025-02,2025,2,Country Of Mexico,90.75,68.33,41.67,1,0
2025-02,2025,2,Delaware,45.34,,35.41,0,0
2025-02,2025,2,District Of Columbia,47.06,,35.3,0,0
2025-02,2025,2,Florida,46.54,28.24,37.78,1,0
2025-02,2025,2,Georgia,48.55,,37.13,1,0
2025-02,2025,2,Hawaii,34.34,,34.93,0,0
2025-02,2025,2,Idaho,36.41,10.2,38.44,0,0
2025-02,2025,2,Illinois,39.87,30.0,31.65,0,0
2025-02,2025,2,Indiana,46.17,,32.58,0,0
2025-02,2025,2,Iowa,41.73,44.5,31.38,0,0
2025-02,2025,2,Kansas,39.68,25.38,34.4,0,0
2025-02,2025,2,Kentucky,34.19,,34.06,0,0
2025-02,2025,2,Louisiana,45.15,,34.63,0,0
2025-02,2025,2,Maine,42.35,54.2,37.44,0,0
2025-02,2025,2,Maryland,36.91,8.25,36.38,0,0
2025-02,2025,2,Massachusetts,48.31,,37.98,0,0
2025-02,2025,2,Michigan,40.04,,36.27,0,0
2025-02,2025,2,Minnesota,31.65,23.6,34.71,0,0
2025-02,2025,2,Mississippi,42.89,,33.13,0,0
2025-02,2025,2,Missouri,39.38,25.19,38.25,0,0
2025-02,2025,2,Montana,27.77,14.28,38.53,0,0
2025-02,2025,2,Nebraska,35.47,21.4,33.91,0,0
2025-02,2025,2,Nevada,37.09,23.0,41.33,2,0
2025-02,2025,2,New Hampshire,37.67,,39.12,0,0
2025-02,2025,2,New Jersey,43.44,,33.65,1,0
2025-02,2025,2,New Mexico,24.36,60.51,42.14,5,1
2025-02,2025,2,New York,41.94,,36.0,0,0
2025-02,2025,2,North Carolina,36.69,11.06,36.91,0,0
2025-02,2025,2,North Dakota,37.5,,34.52,0,0
2025-02,2025,2,Ohio,44.12,20.67,34.25,0,0
2025-02,2025,2,Oklahoma,43.59,,41.58,1,0
2025-02,2025,2,Oregon,38.72,,30.93,0,0
2025-02,2025,2,Pennsylvania,45.14,,34.46,0,0
2025-02,2025,2,Puerto Rico,31.44,32.45,12.5,0,0
2025-02,2025,2,Rhode Island,30.0,,,0,0
2025-02,2025,2,South Carolina,52.16,,40.09,1,0
2025-02,2025,2,South Dakota,37.04,40.93,37.99,0,0
2025-02,2025,2,Tennessee,34.99,,37.13,0,0
2025-02,2025,2,Texas,42.61,124.0,34.13,12,1
2025-02,2025,2,Utah,39.67,55.27,39.78,0,0
2025-02,2025,2,Vermont,36.38,,38.43,0,0
2025-02,2025,2,Virgin Islands,22.67,,,0,0
2025-02,2025,2,Virginia,33.74,5.0,35.2,0,0
2025-02,2025,2,Washington,30.33,20.11,37.8,0,0
2025-02,2025,2,West Virginia,40.31,,34.94,0,0
2025-02,2025,2,Wisconsin,38.6,53.0,36.41,0,0
2025-02,2025,2,Wyoming,28.18,34.41,42.02,2,1
2025-03,2025,3,Alabama,51.49,,43.81,1,0
2025-03,2025,3,Alaska,30.79,28.91,39.39,1,0
2025-03,2025,3,Arizona,48.05,39.33,52.89,4,0
2025-03,2025,3,Arkansas,45.81,,43.01,2,0
2025-03,2025,3,California,43.97,40.52,41.26,8,0
2025-03,2025,3,Colorado,24.97,39.29,46.74,0,1
2025-03,2025,3,Connecticut,43.3,,41.65,0,0
2025-03,2025,3,Country Of Mexico,,58.33,47.21,0,0
2025-03,2025,3,Delaware,54.35,,41.96,0,0
2025-03,2025,3,District Of Columbia,50.7,,41.67,0,0
2025-03,2025,3,Florida,51.5,26.47,47.74,2,0
2025-03,2025,3,Georgia,51.52,,43.83,7,0
2025-03,2025,3,Hawaii,35.34,,33.19,0,0
2025-03,2025,3,Idaho,27.77,24.07,39.45,1,0
2025-03,2025,3,Illinois,55.0,152.33,39.87,1,1
2025-03,2025,3,Indiana,42.99,81.8,40.51,1,0
2025-03,2025,3,Iowa,44.23,68.4,39.88,0,0
2025-03,2025,3,Kansas,43.49,72.09,41.56,2,1
2025-03,2025,3,Kentucky,54.02,,41.48,1,0
2025-03,2025,3,Louisiana,49.53,50.67,46.52,1,0
2025-03,2025,3,Maine,48.57,44.33,39.41,0,0
2025-03,2025,3,Maryland,43.59,,41.84,0,0
2025-03,2025,3,Massachusetts,44.05,,41.02,0,0
2025-03,2025,3,Michigan,35.48,111.67,38.0,1,0
2025-03,2025,3,Minnesota,34.21,,37.33,0,0
2025-03,2025,3,Mississippi,53.42,,44.29,0,0
2025-03,2025,3,Missouri,52.29,103.36,43.69,2,1
2025-03,2025,3,Montana,21.09,17.59,36.76,0,0
2025-03,2025,3,Nebraska,31.81,28.28,38.47,0,0
2025-03,2025,3,Nevada,26.02,24.23,44.9,1,0
2025-03,2025,3,New Hampshire,45.92,,42.09,1,0
2025-03,2025,3,New Jersey,43.7,,39.13,0,0
2025-03,2025,3,New Mexico,57.79,81.75,48.66,10,1
2025-03,2025,3,New York,37.03,,39.24,1,0
2025-03,2025,3,North Carolina,46.34,16.0,45.47,2,0
2025-03,2025,3,North Dakota,35.89,,36.56,0,0
2025-03,2025,3,Ohio,46.8,57.81,42.55,1,1
2025-03,2025,3,Oklahoma,53.75,169.92,45.61,5,0
2025-03,2025,3,Oregon,25.45,,34.45,0,0
2025-03,2025,3,Pennsylvania,45.12,,41.02,0,0
2025-03,2025,3,Puerto Rico,32.93,20.5,11.81,0,0
2025-03,2025,3,Rhode Island,36.67,,41.54,0,0
2025-03,2025,3,South Carolina,54.51,,47.52,4,0
2025-03,2025,3,South Dakota,32.11,23.62,40.35,0,0
2025-03,2025,3,Tennessee,38.71,60.0,46.52,3,0
2025-03,2025,3,Texas,53.96,175.2,45.9,16,2
2025-03,2025,3,Utah,58.58,56.67,44.07,0,0
2025-03,2025,3,Vermont,45.83,,42.53,1,0
2025-03,2025,3,Virginia,41.18,7.0,41.74,0,0
2025-03,2025,3,Washington,20.01,15.7,38.53,0,0
2025-03,2025,3,West Virginia,41.94,,42.44,0,0
2025-03,2025,3,Wisconsin,30.7,81.0,39.34,0,0
2025-03,2025,3,Wyoming,16.99,29.99,44.25,1,0
2025-04,2025,4,Alabama,47.7,,44.45,0,0
2025-04,2025,4,Alaska,17.09,21.4,39.61,1,0
2025-04,2025,4,Arizona,41.93,39.26,62.86,7,0
2025-04,2025,4,Arkansas,48.74,,44.4,1,0
2025-04,2025,4,California,43.67,35.88,48.51,12,0
2025-04,2025,4,Colorado,26.38,26.92,55.88,1,0
2025-04,2025,4,Connecticut,45.94,,49.21,2,0
2025-04,2025,4,Country Of Mexico,49.5,60.93,61.36,0,0
2025-04,2025,4,Delaware,46.71,,47.8,0,0
2025-04,2025,4,District Of Columbia,48.11,,48.95,0,0
2025-04,2025,4,Florida,50.12,26.12,50.93,1,0
2025-04,2025,4,Georgia,49.64,,43.91,2,0
2025-04,2025,4,Hawaii,33.08,,28.87,0,0
2025-04,2025,4,Idaho,29.78,39.5,45.81,0,0
2025-04,2025,4,Illinois,47.12,44.0,40.2,0,0
2025-04,2025,4,Indiana,42.15,60.0,41.51,1,1
2025-04,2025,4,Iowa,46.19,55.0,44.51,0,0
2025-04,2025,4,Kansas,44.01,40.67,43.88,2,0
2025-04,2025,4,Kentucky,47.44,,40.87,1,0
2025-04,2025,4,Louisiana,48.63,,45.65,0,0
2025-04,2025,4,Maine,48.67,52.0,42.0,0,0
2025-04,2025,4,Maryland,41.27,,45.89,0,0
2025-04,2025,4,Massachusetts,44.07,70.0,44.99,0,0
2025-04,2025,4,Michigan,41.91,86.0,42.92,1,0
2025-04,2025,4,Minnesota,39.44,,38.57,0,0
2025-04,2025,4,Mississippi,50.67,,44.3,0,0
2025-04,2025,4,Missouri,47.66,47.71,42.85,1,0
2025-04,2025,4,Montana,21.75,19.06,40.99,0,0
2025-04,2025,4,Nebraska,35.8,23.03,41.51,0,0
2025-04,2025,4,Nevada,23.15,24.89,52.44,0,0
2025-04,2025,4,New Hampshire,44.0,,46.03,0,0
2025-04,2025,4,New Jersey,46.39,,44.79,0,0
2025-04,2025,4,New Mexico,46.69,89.84,59.19,14,3
2025-04,2025,4,New York,35.49,,42.94,1,0
2025-04,2025,4,North Carolina,47.6,,44.67,0,0
2025-04,2025,4,North Dakota,38.43,,40.81,0,0
2025-04,2025,4,Ohio,44.15,36.56,44.69,1,0
2025-04,2025,4,Oklahoma,48.12,,48.4,2,0
2025-04,2025,4,Oregon,25.93,,37.42,0,0
2025-04,2025,4,Pennsylvania,37.68,,46.0,0,0
2025-04,2025,4,Puerto Rico,33.23,14.75,11.57,0,0
2025-04,2025,4,Rhode Island,37.68,,44.69,0,0
2025-04,2025,4,South Carolina,48.93,,46.79,0,0
2025-04,2025,4,South Dakota,35.04,25.43,40.28,0,0
2025-04,2025,4,Tennessee,40.36,,45.66,1,0
2025-04,2025,4,Texas,52.64,311.25,50.15,11,0
2025-04,2025,4,Utah,52.19,,55.09,1,0
2025-04,2025,4,Vermont,31.14,,43.18,0,0
2025-04,2025,4,Virginia,43.08,6.7,43.57,0,0
2025-04,2025,4,Washington,23.3,16.61,42.03,0,0
2025-04,2025,4,West Virginia,37.29,,42.33,0,0
2025-04,2025,4,Wisconsin,42.12,,40.54,0,0
2025-04,2025,4,Wyoming,14.68,19.11,50.59,3,0
2025-05,2025,5,Alabama,40.83,,37.32,0,0
2025-05,2025,5,Alaska,13.96,18.31,36.95,0,0
2025-05,2025,5,Arizona,43.28,31.19,74.82,14,0
2025-05,2025,5,Arkansas,49.9,,39.55,0,0
2025-05,2025,5,California,42.7,43.83,59.91,20,0
2025-05,2025,5,Colorado,21.93,27.68,62.21,6,0
2025-05,2025,5,Connecticut,50.12,,39.94,1,0
2025-05,2025,5,Country Of Mexico,53.0,60.17,68.28,1,0
2025-05,2025,5,Delaware,49.7,,43.17,0,0
2025-05,2025,5,District Of Columbia,49.0,,42.73,0,0
2025-05,2025,5,Florida,45.07,22.24,42.03,3,0
2025-05,2025,5,Georgia,43.33,,37.62,0,0
2025-05,2025,5,Hawaii,25.73,,29.48,0,0
2025-05,2025,5,Idaho,27.26,32.33,48.49,0,0
2025-05,2025,5,Illinois,47.88,75.0,42.23,0,0
2025-05,2025,5,Indiana,38.36,52.4,40.1,0,0
2025-05,2025,5,Iowa,38.92,66.75,51.74,3,0
2025-05,2025,5,Kansas,36.43,50.06,47.2,2,0
2025-05,2025,5,Kentucky,44.55,,37.12,0,0
2025-05,2025,5,Louisiana,44.53,,39.84,0,0
2025-05,2025,5,Maine,39.1,,33.59,0,0
2025-05,2025,5,Maryland,40.33,6.0,41.36,0,0
2025-05,2025,5,Massachusetts,39.75,,36.22,0,0
2025-05,2025,5,Michigan,36.97,,38.91,1,0
2025-05,2025,5,Minnesota,40.12,,47.8,3,0
2025-05,2025,5,Mississippi,39.94,,39.31,0,0
2025-05,2025,5,Missouri,41.91,51.71,44.2,0,0
2025-05,2025,5,Montana,21.0,15.0,44.43,0,0
2025-05,2025,5,Nebraska,26.95,24.53,50.47,3,0
2025-05,2025,5,Nevada,21.0,28.33,59.69,4,0
2025-05,2025,5,New Hampshire,39.2,,36.66,0,0
2025-05,2025,5,New Jersey,42.44,,37.86,0,0
2025-05,2025,5,New Mexico,41.49,75.0,68.06,17,0
2025-05,2025,5,New York,32.96,,35.45,0,0
2025-05,2025,5,North Carolina,41.02,,39.62,0,0
2025-05,2025,5,North Dakota,77.66,,50.63,4,1
2025-05,2025,5,Ohio,41.39,34.87,39.09,0,0
2025-05,2025,5,Oklahoma,38.91,61.0,48.06,3,0
2025-05,2025,5,Oregon,21.09,,40.24,0,0
2025-05,2025,5,Pennsylvania,33.11,,39.81,1,0
2025-05,2025,5,Puerto Rico,36.9,21.0,39.79,1,1
2025-05,2025,5,Rhode Island,35.58,13.0,36.12,0,0
2025-05,2025,5,South Carolina,47.79,55.0,41.49,0,0
2025-05,2025,5,South Dakota,35.88,54.53,46.52,1,0
2025-05,2025,5,Tennessee,33.67,,38.47,0,0
2025-05,2025,5,Texas,52.39,115.0,49.64,15,0
2025-05,2025,5,Utah,49.0,175.0,64.48,3,0
2025-05,2025,5,Vermont,17.6,,33.69,0,0
2025-05,2025,5,Virginia,37.3,8.17,37.62,0,0
2025-05,2025,5,Washington,20.32,27.83,42.11,0,0
2025-05,2025,5,West Virginia,32.61,,37.53,0,0
2025-05,2025,5,Wisconsin,34.84,,40.44,0,0
2025-05,2025,5,Wyoming,14.44,16.48,53.81,2,0
2025-06,2025,6,Alabama,44.88,,35.89,0,0
2025-06,2025,6,Alaska,33.61,12.5,31.97,2,0
2025-06,2025,6,Arizona,45.9,36.17,61.57,9,0
2025-06,2025,6,Arkansas,51.15,,37.29,1,0
2025-06,2025,6,California,44.01,34.42,66.3,24,2
2025-06,2025,6,Colorado,30.64,32.61,59.23,7,0
2025-06,2025,6,Connecticut,54.19,,60.82,8,0
2025-06,2025,6,Country Of Mexico,,56.41,52.15,0,0
2025-06,2025,6,Delaware,56.68,,61.76,6,0
2025-06,2025,6,District Of Columbia,51.87,,69.0,1,0
2025-06,2025,6,Florida,47.64,23.18,30.48,0,0
2025-06,2025,6,Georgia,47.57,,39.88,2,0
2025-06,2025,6,Hawaii,23.03,,24.32,0,0
2025-06,2025,6,Idaho,28.76,29.38,43.78,0,0
2025-06,2025,6,Illinois,64.61,,50.55,7,0
2025-06,2025,6,Indiana,57.46,,50.95,7,0
2025-06,2025,6,Iowa,57.76,45.0,55.92,5,0
2025-06,2025,6,Kansas,48.11,53.62,44.29,2,0
2025-06,2025,6,Kentucky,51.77,,39.83,1,0
2025-06,2025,6,Louisiana,49.51,,35.17,1,0
2025-06,2025,6,Maine,51.1,,38.07,5,0
2025-06,2025,6,Maryland,49.65,,51.13,5,0
2025-06,2025,6,Massachusetts,55.14,,48.67,5,0
2025-06,2025,6,Michigan,62.08,,54.06,10,0
2025-06,2025,6,Minnesota,67.27,28.0,44.1,3,0
2025-06,2025,6,Mississippi,47.94,,35.28,0,0
2025-06,2025,6,Montana,36.22,18.31,42.39,3,0
2025-06,2025,6,Nebraska,37.48,18.77,49.55,1,0
2025-06,2025,6,Nevada,19.5,34.95,61.76,6,0
2025-06,2025,6,New Hampshire,54.2,,41.57,4,0
2025-06,2025,6,New Jersey,52.04,,61.86,9,0
2025-06,2025,6,New Mexico,38.03,60.05,57.17,12,0
2025-06,2025,6,New York,52.32,,47.69,11,0
2025-06,2025,6,North Carolina,47.86,,39.72,0,0
2025-06,2025,6,North Dakota,83.08,,48.72,5,0
2025-06,2025,6,Ohio,59.54,38.75,53.24,9,0
2025-06,2025,6,Oklahoma,44.85,,43.16,1,0
2025-06,2025,6,Oregon,24.77,,38.02,0,0
2025-06,2025,6,Pennsylvania,55.78,,53.45,7,0
2025-06,2025,6,Puerto Rico,52.17,32.4,23.1,3,0
2025-06,2025,6,Rhode Island,49.63,,50.34,3,0
2025-06,2025,6,South Carolina,48.47,,40.83,0,0
2025-06,2025,6,South Dakota,48.09,38.16,44.0,2,0
2025-06,2025,6,Tennessee,46.68,,41.68,1,0
2025-06,2025,6,Texas,49.52,92.94,38.05,5,1
2025-06,2025,6,Utah,60.76,92.5,63.72,6,0
2025-06,2025,6,Vermont,55.61,,39.25,1,0
2025-06,2025,6,Virginia,49.03,12.56,40.88,1,0
2025-06,2025,6,Washington,26.77,26.48,37.31,0,0
2025-06,2025,6,West Virginia,51.93,,42.55,1,0
2025-06,2025,6,Wisconsin,62.76,,49.81,9,0
2025-06,2025,6,Wyoming,26.07,29.11,50.72,2,0
2025-07,2025,7,Alabama,45.07,,32.09,0,0
2025-07,2025,7,Alaska,,,23.04,0,0
2025-07,2025,7,Arizona,41.78,30.92,52.78,1,1
2025-07,2025,7,Arkansas,53.11,,32.67,0,0
2025-07,2025,7,California,49.51,21.34,59.96,27,1
2025-07,2025,7,Colorado,40.6,35.08,60.33,9,0
2025-07,2025,7,Connecticut,,,39.55,0,0
2025-07,2025,7,Country Of Mexico,46.0,68.67,47.79,0,0
2025-07,2025,7,Delaware,,,,0,0
2025-07,2025,7,District Of Columbia,,,,0,0
2025-07,2025,7,Florida,47.7,22.53,33.57,0,0
2025-07,2025,7,Georgia,45.93,,37.21,0,0
2025-07,2025,7,Hawaii,0.12,,,0,0
2025-07,2025,7,Idaho,30.62,27.5,42.38,0,0
2025-07,2025,7,Illinois,58.12,,43.6,9,0
2025-07,2025,7,Indiana,54.49,,45.1,8,0
2025-07,2025,7,Iowa,50.77,45.67,39.32,2,0
2025-07,2025,7,Kansas,,,38.06,0,0
2025-07,2025,7,Kentucky,49.13,15.06,35.24,0,0
2025-07,2025,7,Louisiana,46.49,54.5,31.2,0,0
2025-07,2025,7,Maine,54.03,,34.43,2,0
2025-07,2025,7,Maryland,48.73,,44.54,1,0
2025-07,2025,7,Massachusetts,55.99,,41.06,1,0
2025-07,2025,7,Michigan,61.06,,46.32,7,0
2025-07,2025,7,Minnesota,,,31.87,0,0
2025-07,2025,7,Mississippi,46.4,,35.21,0,0
2025-07,2025,7,Montana,21.46,,32.67,0,0
2025-07,2025,7,Nebraska,31.74,17.81,40.83,0,0
2025-07,2025,7,Nevada,80.75,79.5,65.8,7,0
2025-07,2025,7,New Hampshire,40.84,,26.8,1,0
2025-07,2025,7,New Jersey,,,46.44,1,0
2025-07,2025,7,New Mexico,40.87,55.4,54.8,8,1
2025-07,2025,7,New York,53.17,,45.76,8,0
2025-07,2025,7,North Carolina,45.65,,36.4,0,0
2025-07,2025,7,North Dakota,72.74,,42.15,5,0
2025-07,2025,7,Ohio,58.71,23.83,50.22,6,0
2025-07,2025,7,Oklahoma,48.64,,41.41,0,0
2025-07,2025,7,Oregon,,,,0,0
2025-07,2025,7,Pennsylvania,46.08,,39.55,0,0
2025-07,2025,7,Puerto Rico,,,,0,0
2025-07,2025,7,Rhode Island,53.22,,41.47,1,0
2025-07,2025,7,South Carolina,46.84,,38.38,0,0
2025-07,2025,7,South Dakota,,,,0,0
2025-07,2025,7,Tennessee,49.54,,35.26,0,0
2025-07,2025,7,Texas,50.56,104.2,38.34,9,1
2025-07,2025,7,Utah,59.35,,58.04,2,0
2025-07,2025,7,Vermont,,,,0,0
2025-07,2025,7,Virginia,44.95,9.56,37.61,4,0
2025-07,2025,7,Washington,27.49,34.2,37.52,0,0
2025-07,2025,7,West Virginia,,,35.81,0,0
2025-07,2025,7,Wisconsin,,,35.97,0,0
2025-07,2025,7,Wyoming,26.69,51.0,49.14,0,0
2025-08,2025,8,Alabama,42.15,,33.16,0,0
2025-08,2025,8,Arizona,43.93,32.59,62.83,11,1
2025-08,2025,8,Arkansas,52.52,,41.11,0,0
2025-08,2025,8,California,41.41,18.0,74.74,27,1
2025-08,2025,8,Colorado,46.0,40.29,55.24,4,0
2025-08,2025,8,Connecticut,,,40.45,1,0
2025-08,2025,8,Country Of Mexico,45.25,66.83,63.0,0,0
2025-08,2025,8,Florida,41.17,22.28,31.71,1,0
2025-08,2025,8,Georgia,41.39,,33.54,0,0
2025-08,2025,8,Idaho,,30.0,38.94,0,0
2025-08,2025,8,Illinois,60.38,43.0,38.3,5,0
2025-08,2025,8,Indiana,50.64,53.0,38.41,4,0
2025-08,2025,8,Iowa,52.98,44.25,35.28,2,0
2025-08,2025,8,Kansas,,,41.68,0,0
2025-08,2025,8,Kentucky,,,37.73,0,0
2025-08,2025,8,Louisiana,47.99,,37.77,2,0
2025-08,2025,8,Maine,52.87,,36.72,4,0
2025-08,2025,8,Maryland,48.13,,39.24,0,0
2025-08,2025,8,Massachusetts,58.22,,39.5,4,0
2025-08,2025,8,Michigan,66.64,,39.57,2,0
2025-08,2025,8,Mississippi,45.64,,39.9,1,0
2025-08,2025,8,Montana,,,,0,0
2025-08,2025,8,Nebraska,41.22,22.16,36.9,2,0
2025-08,2025,8,Nevada,67.33,71.0,68.02,8,0
2025-08,2025,8,New Hampshire,41.03,,26.6,2,0
2025-08,2025,8,New Jersey,,,45.03,1,0
2025-08,2025,8,New Mexico,36.29,23.7,57.29,5,0
2025-08,2025,8,New York,57.88,,40.98,8,0
2025-08,2025,8,North Carolina,41.26,,32.34,0,0
2025-08,2025,8,North Dakota,61.89,,36.35,4,0
2025-08,2025,8,Ohio,55.07,21.33,39.91,3,0
2025-08,2025,8,Oklahoma,50.07,,49.29,2,0
2025-08,2025,8,Pennsylvania,,,38.95,0,0
2025-08,2025,8,Rhode Island,34.9,,45.13,1,0
2025-08,2025,8,South Carolina,44.97,,32.81,0,0
2025-08,2025,8,Tennessee,45.9,,37.67,0,0
2025-08,2025,8,Texas,43.86,58.67,51.06,10,0
2025-08,2025,8,Utah,54.05,55.5,56.29,5,0
2025-08,2025,8,Virginia,40.9,8.1,34.69,0,0
2025-08,2025,8,Washington,34.78,26.33,35.32,3,0
2025-08,2025,8,West Virginia,,,35.67,0,0
2025-08,2025,8,Wisconsin,,,32.26,0,0
2025-08,2025,8,Wyoming,63.0,,47.63,0,0
2025-09,2025,9,Alaska,,,20.67,0,0
2025-09,2025,9,Arizona,34.0,25.35,46.16,3,0
2025-09,2025,9,Arkansas,52.82,,48.63,2,0
2025-09,2025,9,California,40.61,15.97,61.44,16,0
2025-09,2025,9,Colorado,31.99,23.61,47.98,1,0
2025-09,2025,9,Country Of Mexico,42.08,65.57,44.18,0,0
2025-09,2025,9,Florida,43.73,31.66,35.09,0,0
2025-09,2025,9,Georgia,,,41.38,2,0
2025-09,2025,9,Hawaii,0.0,,,0,0
2025-09,2025,9,Idaho,,27.28,44.0,0,0
2025-09,2025,9,Illinois,51.67,58.0,55.43,5,0
2025-09,2025,9,Indiana,47.06,,55.5,5,0
2025-09,2025,9,Iowa,50.78,54.3,44.14,4,0
2025-09,2025,9,Kentucky,,,44.58,0,0
2025-09,2025,9,Louisiana,51.05,,48.81,2,0
2025-09,2025,9,Maine,35.08,,29.46,0,0
2025-09,2025,9,Maryland,42.21,,41.49,0,0
2025-09,2025,9,Massachusetts,30.56,,,0,0
2025-09,2025,9,Michigan,,,43.36,4,0
2025-09,2025,9,Minnesota,,,27.08,0,0
2025-09,2025,9,Mississippi,55.73,,49.51,0,0
2025-09,2025,9,Montana,15.0,,34.67,0,0
2025-09,2025,9,Nebraska,38.12,22.5,39.0,0,0
2025-09,2025,9,Nevada,55.0,55.5,49.83,0,0
2025-09,2025,9,New Hampshire,25.45,,,0,0
2025-09,2025,9,New Mexico,17.81,25.91,48.26,2,0
2025-09,2025,9,New York,39.36,,36.41,1,0
2025-09,2025,9,North Carolina,38.63,10.37,41.3,0,0
2025-09,2025,9,North Dakota,,,,0,0
2025-09,2025,9,Ohio,49.97,37.75,57.57,8,0
2025-09,2025,9,Oklahoma,51.96,,56.43,4,0
2025-09,2025,9,Pennsylvania,,,,0,0
2025-09,2025,9,Rhode Island,,9.4,,0,0
2025-09,2025,9,South Carolina,48.57,,41.24,0,0
2025-09,2025,9,Tennessee,49.66,,48.17,0,0
2025-09,2025,9,Texas,54.29,51.0,73.47,8,0
2025-09,2025,9,Utah,33.94,16.0,48.31,1,0
2025-09,2025,9,Virginia,39.25,8.7,39.13,0,0
2025-09,2025,9,Wyoming,19.48,,41.75,0,0
2025-10,2025,10,Arizona,33.67,,40.81,0,0
2025-10,2025,10,Arkansas,,,,0,0
2025-10,2025,10,California,27.76,55.0,48.96,0,0
2025-10,2025,10,Colorado,16.0,,42.49,0,0
2025-10,2025,10,Florida,,,,0,0
2025-10,2025,10,Georgia,,,33.47,0,0
2025-10,2025,10,Idaho,,13.9,,0,0
2025-10,2025,10,Illinois,,,37.04,0,0
2025-10,2025,10,Indiana,33.41,,,0,0
2025-10,2025,10,Iowa,42.56,46.13,35.87,0,0
2025-10,2025,10,Louisiana,,,,0,0
2025-10,2025,10,Maine,23.14,,30.67,0,0
2025-10,2025,10,Maryland,,,31.4,0,0
2025-10,2025,10,Michigan,,,33.08,0,0
2025-10,2025,10,Mississippi,,,,0,0
2025-10,2025,10,Montana,,,,0,0
2025-10,2025,10,Nebraska,46.66,26.03,35.91,0,0
2025-10,2025,10,Nevada,,,,0,0
2025-10,2025,10,New Hampshire,,,,0,0
2025-10,2025,10,New Mexico,,,,0,0
2025-10,2025,10,New York,23.91,,,0,0
2025-10,2025,10,North Carolina,44.07,,34.81,0,0
2025-10,2025,10,Ohio,42.54,58.67,37.06,1,0
2025-10,2025,10,Oklahoma,,,,0,0
2025-10,2025,10,Pennsylvania,,,,0,0
2025-10,2025,10,South Carolina,,,,0,0
2025-10,2025,10,Tennessee,,,,0,0
2025-10,2025,10,Texas,,,,0,0
2025-10,2025,10,Utah,27.24,9.57,37.19,0,0
2025-10,2025,10,Virginia,24.72,,,0,0
2025-10,2025,10,Wyoming,,,,0,0
2025-11,2025,11,Indiana,,,,0,0
2025-11,2025,11,Iowa,,,,0,0
2025-11,2025,11,New York,27.42,,,0,0
2025-11,2025,11,North Carolina,,,,0,0
2025-11,2025,11,Ohio,,,,0,0
2025-11,2025,11,Utah,,,,0,0
